#sample	superpop	population
HG00096	EUR	GBR
HG00097	EUR	GBR
HG00098	EUR	GBR
HG00099	EUR	GBR
HG00100	EUR	GBR
HG00101	EUR	GBR
HG00102	EUR	GBR
HG00103	EUR	GBR
HG00104	EUR	GBR
HG00105	EUR	GBR
HG00106	EUR	GBR
HG00107	EUR	GBR
HG00108	EUR	GBR
HG00109	EUR	GBR
HG00110	EUR	GBR
HG00111	EUR	GBR
HG00112	EUR	GBR
HG00113	EUR	GBR
HG00114	EUR	GBR
HG00115	EUR	GBR
HG00116	EUR	GBR
HG00117	EUR	GBR
HG00118	EUR	GBR
HG00119	EUR	GBR
HG00120	EUR	GBR
HG00121	EUR	GBR
HG00122	EUR	GBR
HG00123	EUR	GBR
HG00124	EUR	GBR
HG00125	EUR	GBR
HG00126	EUR	GBR
HG00127	EUR	GBR
HG00128	EUR	GBR
HG00129	EUR	GBR
HG00130	EUR	GBR
HG00131	EUR	GBR
HG00132	EUR	GBR
HG00133	EUR	GBR
HG00134	EUR	GBR
HG00135	EUR	GBR
HG00136	EUR	GBR
HG00137	EUR	GBR
HG00138	EUR	GBR
HG00139	EUR	GBR
HG00140	EUR	GBR
HG00141	EUR	GBR
HG00142	EUR	GBR
HG00143	EUR	GBR
HG00144	EUR	GBR
HG00145	EUR	GBR
HG00146	EUR	GBR
HG00147	EUR	GBR
HG00148	EUR	GBR
HG00149	EUR	GBR
HG00150	EUR	GBR
HG00151	EUR	GBR
HG00152	EUR	GBR
HG00153	EUR	GBR
HG00154	EUR	GBR
HG00155	EUR	GBR
HG00156	EUR	GBR
HG00157	EUR	GBR
HG00158	EUR	GBR
HG00159	EUR	GBR
HG00160	EUR	GBR
HG00171	EUR	FIN
HG00173	EUR	FIN
HG00174	EUR	FIN
HG00176	EUR	FIN
HG00177	EUR	FIN
HG00178	EUR	FIN
HG00179	EUR	FIN
HG00180	EUR	FIN
HG00181	EUR	FIN
HG00182	EUR	FIN
HG00183	EUR	FIN
HG00185	EUR	FIN
HG00186	EUR	FIN
HG00187	EUR	FIN
HG00188	EUR	FIN
HG00189	EUR	FIN
HG00190	EUR	FIN
HG00231	EUR	GBR
HG00232	EUR	GBR
HG00233	EUR	GBR
HG00234	EUR	GBR
HG00235	EUR	GBR
HG00236	EUR	GBR
HG00237	EUR	GBR
HG00238	EUR	GBR
HG00239	EUR	GBR
HG00240	EUR	GBR
HG00242	EUR	GBR
HG00243	EUR	GBR
HG00244	EUR	GBR
HG00245	EUR	GBR
HG00246	EUR	GBR
HG00247	EUR	GBR
HG00248	EUR	GBR
HG00249	EUR	GBR
HG00250	EUR	GBR
HG00251	EUR	GBR
HG00252	EUR	GBR
HG00253	EUR	GBR
HG00254	EUR	GBR
HG00255	EUR	GBR
HG00256	EUR	GBR
HG00257	EUR	GBR
HG00258	EUR	GBR
HG00259	EUR	GBR
HG00260	EUR	GBR
HG00261	EUR	GBR
HG00262	EUR	GBR
HG00263	EUR	GBR
HG00264	EUR	GBR
HG00265	EUR	GBR
HG00266	EUR	FIN
HG00267	EUR	FIN
HG00268	EUR	FIN
HG00269	EUR	FIN
HG00270	EUR	FIN
HG00271	EUR	FIN
HG00272	EUR	FIN
HG00273	EUR	FIN
HG00274	EUR	FIN
HG00275	EUR	FIN
HG00276	EUR	FIN
HG00277	EUR	FIN
HG00278	EUR	FIN
HG00280	EUR	FIN
HG00281	EUR	FIN
HG00282	EUR	FIN
HG00284	EUR	FIN
HG00285	EUR	FIN
HG00288	EUR	FIN
HG00290	EUR	FIN
HG00302	EUR	FIN
HG00303	EUR	FIN
HG00304	EUR	FIN
HG00306	EUR	FIN
HG00308	EUR	FIN
HG00309	EUR	FIN
HG00310	EUR	FIN
HG00311	EUR	FIN
HG00312	EUR	FIN
HG00313	EUR	FIN
HG00315	EUR	FIN
HG00318	EUR	FIN
HG00319	EUR	FIN
HG00320	EUR	FIN
HG00321	EUR	FIN
HG00323	EUR	FIN
HG00324	EUR	FIN
HG00325	EUR	FIN
HG00326	EUR	FIN
HG00327	EUR	FIN
HG00328	EUR	FIN
HG00329	EUR	FIN
HG00330	EUR	FIN
HG00331	EUR	FIN
HG00332	EUR	FIN
HG00334	EUR	FIN
HG00335	EUR	FIN
HG00336	EUR	FIN
HG00337	EUR	FIN
HG00338	EUR	FIN
HG00339	EUR	FIN
HG00341	EUR	FIN
HG00342	EUR	FIN
HG00343	EUR	FIN
HG00344	EUR	FIN
HG00345	EUR	FIN
HG00346	EUR	FIN
HG00349	EUR	FIN
HG00350	EUR	FIN
HG00351	EUR	FIN
HG00353	EUR	FIN
HG00355	EUR	FIN
HG00356	EUR	FIN
HG00357	EUR	FIN
HG00358	EUR	FIN
HG00359	EUR	FIN
HG00360	EUR	FIN
HG00361	EUR	FIN
HG00362	EUR	FIN
HG00364	EUR	FIN
HG00365	EUR	FIN
HG00366	EUR	FIN
HG00367	EUR	FIN
HG00368	EUR	FIN
HG00369	EUR	FIN
HG00371	EUR	FIN
HG00372	EUR	FIN
HG00373	EUR	FIN
HG00375	EUR	FIN
HG00376	EUR	FIN
HG00377	EUR	FIN
HG00378	EUR	FIN
HG00379	EUR	FIN
HG00380	EUR	FIN
HG00381	EUR	FIN
HG00382	EUR	FIN
HG00383	EUR	FIN
HG00384	EUR	FIN
HG00403	EAS	CHS
HG00404	EAS	CHS
HG00405	EAS	CHS
HG00406	EAS	CHS
HG00407	EAS	CHS
HG00408	EAS	CHS
HG00409	EAS	CHS
HG00410	EAS	CHS
HG00411	EAS	CHS
HG00418	EAS	CHS
HG00419	EAS	CHS
HG00420	EAS	CHS
HG00421	EAS	CHS
HG00422	EAS	CHS
HG00423	EAS	CHS
HG00427	EAS	CHS
HG00428	EAS	CHS
HG00429	EAS	CHS
HG00436	EAS	CHS
HG00437	EAS	CHS
HG00438	EAS	CHS
HG00442	EAS	CHS
HG00443	EAS	CHS
HG00444	EAS	CHS
HG00445	EAS	CHS
HG00446	EAS	CHS
HG00447	EAS	CHS
HG00448	EAS	CHS
HG00449	EAS	CHS
HG00450	EAS	CHS
HG00451	EAS	CHS
HG00452	EAS	CHS
HG00453	EAS	CHS
HG00457	EAS	CHS
HG00458	EAS	CHS
HG00459	EAS	CHS
HG00463	EAS	CHS
HG00464	EAS	CHS
HG00465	EAS	CHS
HG00472	EAS	CHS
HG00473	EAS	CHS
HG00474	EAS	CHS
HG00475	EAS	CHS
HG00476	EAS	CHS
HG00477	EAS	CHS
HG00478	EAS	CHS
HG00479	EAS	CHS
HG00480	EAS	CHS
HG00500	EAS	CHS
HG00501	EAS	CHS
HG00502	EAS	CHS
HG00512	EAS	CHS
HG00513	EAS	CHS
HG00514	EAS	CHS
HG00524	EAS	CHS
HG00525	EAS	CHS
HG00526	EAS	CHS
HG00530	EAS	CHS
HG00531	EAS	CHS
HG00532	EAS	CHS
HG00533	EAS	CHS
HG00534	EAS	CHS
HG00535	EAS	CHS
HG00536	EAS	CHS
HG00537	EAS	CHS
HG00538	EAS	CHS
HG00542	EAS	CHS
HG00543	EAS	CHS
HG00544	EAS	CHS
HG00551	AMR	PUR
HG00552	AMR	PUR
HG00553	AMR	PUR
HG00554	AMR	PUR
HG00555	AMR	PUR
HG00556	EAS	CHS
HG00557	EAS	CHS
HG00558	EAS	CHS
HG00559	EAS	CHS
HG00560	EAS	CHS
HG00561	EAS	CHS
HG00565	EAS	CHS
HG00566	EAS	CHS
HG00567	EAS	CHS
HG00577	EAS	CHS
HG00578	EAS	CHS
HG00579	EAS	CHS
HG00580	EAS	CHS
HG00581	EAS	CHS
HG00582	EAS	CHS
HG00583	EAS	CHS
HG00584	EAS	CHS
HG00585	EAS	CHS
HG00589	EAS	CHS
HG00590	EAS	CHS
HG00591	EAS	CHS
HG00592	EAS	CHS
HG00593	EAS	CHS
HG00594	EAS	CHS
HG00595	EAS	CHS
HG00596	EAS	CHS
HG00597	EAS	CHS
HG00598	EAS	CHS
HG00599	EAS	CHS
HG00600	EAS	CHS
HG00607	EAS	CHS
HG00608	EAS	CHS
HG00609	EAS	CHS
HG00610	EAS	CHS
HG00611	EAS	CHS
HG00612	EAS	CHS
HG00613	EAS	CHS
HG00614	EAS	CHS
HG00615	EAS	CHS
HG00619	EAS	CHS
HG00620	EAS	CHS
HG00621	EAS	CHS
HG00622	EAS	CHS
HG00623	EAS	CHS
HG00624	EAS	CHS
HG00625	EAS	CHS
HG00626	EAS	CHS
HG00627	EAS	CHS
HG00628	EAS	CHS
HG00629	EAS	CHS
HG00630	EAS	CHS
HG00631	EAS	CHS
HG00632	EAS	CHS
HG00633	EAS	CHS
HG00634	EAS	CHS
HG00635	EAS	CHS
HG00636	EAS	CHS
HG00637	AMR	PUR
HG00638	AMR	PUR
HG00639	AMR	PUR
HG00640	AMR	PUR
HG00641	AMR	PUR
HG00642	AMR	PUR
HG00650	EAS	CHS
HG00651	EAS	CHS
HG00652	EAS	CHS
HG00653	EAS	CHS
HG00654	EAS	CHS
HG00655	EAS	CHS
HG00656	EAS	CHS
HG00657	EAS	CHS
HG00658	EAS	CHS
HG00662	EAS	CHS
HG00663	EAS	CHS
HG00664	EAS	CHS
HG00671	EAS	CHS
HG00672	EAS	CHS
HG00673	EAS	CHS
HG00674	EAS	CHS
HG00675	EAS	CHS
HG00676	EAS	CHS
HG00683	EAS	CHS
HG00684	EAS	CHS
HG00685	EAS	CHS
HG00689	EAS	CHS
HG00690	EAS	CHS
HG00691	EAS	CHS
HG00692	EAS	CHS
HG00693	EAS	CHS
HG00694	EAS	CHS
HG00698	EAS	CHS
HG00699	EAS	CHS
HG00700	EAS	CHS
HG00701	EAS	CHS
HG00702	EAS	CHS
HG00703	EAS	CHS
HG00704	EAS	CHS
HG00705	EAS	CHS
HG00706	EAS	CHS
HG00707	EAS	CHS
HG00708	EAS	CHS
HG00709	EAS	CHS
HG00716	EAS	CHS
HG00717	EAS	CHS
HG00718	EAS	CHS
HG00728	EAS	CHS
HG00729	EAS	CHS
HG00730	EAS	CHS
HG00731	AMR	PUR
HG00732	AMR	PUR
HG00733	AMR	PUR
HG00734	AMR	PUR
HG00735	AMR	PUR
HG00736	AMR	PUR
HG00737	AMR	PUR
HG00738	AMR	PUR
HG00739	AMR	PUR
HG00740	AMR	PUR
HG00741	AMR	PUR
HG00742	AMR	PUR
HG00743	AMR	PUR
HG00759	EAS	CDX
HG00766	EAS	CDX
HG00844	EAS	CDX
HG00851	EAS	CDX
HG00864	EAS	CDX
HG00866	EAS	CDX
HG00867	EAS	CDX
HG00879	EAS	CDX
HG00881	EAS	CDX
HG00956	EAS	CDX
HG00978	EAS	CDX
HG00982	EAS	CDX
HG00983	EAS	CDX
HG01028	EAS	CDX
HG01029	EAS	CDX
HG01031	EAS	CDX
HG01046	EAS	CDX
HG01047	AMR	PUR
HG01048	AMR	PUR
HG01049	AMR	PUR
HG01050	AMR	PUR
HG01051	AMR	PUR
HG01052	AMR	PUR
HG01053	AMR	PUR
HG01054	AMR	PUR
HG01055	AMR	PUR
HG01056	AMR	PUR
HG01058	AMR	PUR
HG01060	AMR	PUR
HG01061	AMR	PUR
HG01062	AMR	PUR
HG01063	AMR	PUR
HG01064	AMR	PUR
HG01066	AMR	PUR
HG01067	AMR	PUR
HG01068	AMR	PUR
HG01069	AMR	PUR
HG01070	AMR	PUR
HG01071	AMR	PUR
HG01072	AMR	PUR
HG01073	AMR	PUR
HG01074	AMR	PUR
HG01075	AMR	PUR
HG01077	AMR	PUR
HG01079	AMR	PUR
HG01080	AMR	PUR
HG01081	AMR	PUR
HG01082	AMR	PUR
HG01083	AMR	PUR
HG01084	AMR	PUR
HG01085	AMR	PUR
HG01086	AMR	PUR
HG01087	AMR	PUR
HG01088	AMR	PUR
HG01089	AMR	PUR
HG01090	AMR	PUR
HG01092	AMR	PUR
HG01094	AMR	PUR
HG01095	AMR	PUR
HG01096	AMR	PUR
HG01097	AMR	PUR
HG01098	AMR	PUR
HG01099	AMR	PUR
HG01100	AMR	PUR
HG01101	AMR	PUR
HG01102	AMR	PUR
HG01103	AMR	PUR
HG01104	AMR	PUR
HG01105	AMR	PUR
HG01106	AMR	PUR
HG01107	AMR	PUR
HG01108	AMR	PUR
HG01109	AMR	PUR
HG01110	AMR	PUR
HG01111	AMR	PUR
HG01112	AMR	CLM
HG01113	AMR	CLM
HG01114	AMR	CLM
HG01119	AMR	CLM
HG01121	AMR	CLM
HG01122	AMR	CLM
HG01123	AMR	CLM
HG01124	AMR	CLM
HG01125	AMR	CLM
HG01126	AMR	CLM
HG01130	AMR	CLM
HG01131	AMR	CLM
HG01133	AMR	CLM
HG01134	AMR	CLM
HG01135	AMR	CLM
HG01136	AMR	CLM
HG01137	AMR	CLM
HG01138	AMR	CLM
HG01139	AMR	CLM
HG01140	AMR	CLM
HG01141	AMR	CLM
HG01142	AMR	CLM
HG01148	AMR	CLM
HG01149	AMR	CLM
HG01150	AMR	CLM
HG01161	AMR	PUR
HG01162	AMR	PUR
HG01164	AMR	PUR
HG01167	AMR	PUR
HG01168	AMR	PUR
HG01169	AMR	PUR
HG01170	AMR	PUR
HG01171	AMR	PUR
HG01172	AMR	PUR
HG01173	AMR	PUR
HG01174	AMR	PUR
HG01175	AMR	PUR
HG01176	AMR	PUR
HG01177	AMR	PUR
HG01178	AMR	PUR
HG01182	AMR	PUR
HG01183	AMR	PUR
HG01184	AMR	PUR
HG01187	AMR	PUR
HG01188	AMR	PUR
HG01189	AMR	PUR
HG01190	AMR	PUR
HG01191	AMR	PUR
HG01192	AMR	PUR
HG01195	AMR	PUR
HG01197	AMR	PUR
HG01198	AMR	PUR
HG01199	AMR	PUR
HG01200	AMR	PUR
HG01204	AMR	PUR
HG01205	AMR	PUR
HG01206	AMR	PUR
HG01241	AMR	PUR
HG01242	AMR	PUR
HG01243	AMR	PUR
HG01247	AMR	PUR
HG01248	AMR	PUR
HG01249	AMR	PUR
HG01250	AMR	CLM
HG01251	AMR	CLM
HG01252	AMR	CLM
HG01253	AMR	CLM
HG01254	AMR	CLM
HG01255	AMR	CLM
HG01256	AMR	CLM
HG01257	AMR	CLM
HG01258	AMR	CLM
HG01259	AMR	CLM
HG01260	AMR	CLM
HG01261	AMR	CLM
HG01269	AMR	CLM
HG01271	AMR	CLM
HG01272	AMR	CLM
HG01273	AMR	CLM
HG01274	AMR	CLM
HG01275	AMR	CLM
HG01276	AMR	CLM
HG01277	AMR	CLM
HG01278	AMR	CLM
HG01279	AMR	CLM
HG01280	AMR	CLM
HG01281	AMR	CLM
HG01284	AMR	CLM
HG01286	AMR	PUR
HG01301	AMR	PUR
HG01302	AMR	PUR
HG01303	AMR	PUR
HG01305	AMR	PUR
HG01308	AMR	PUR
HG01311	AMR	PUR
HG01312	AMR	PUR
HG01322	AMR	PUR
HG01323	AMR	PUR
HG01324	AMR	PUR
HG01325	AMR	PUR
HG01326	AMR	PUR
HG01327	AMR	PUR
HG01334	EUR	GBR
HG01341	AMR	CLM
HG01342	AMR	CLM
HG01343	AMR	CLM
HG01344	AMR	CLM
HG01345	AMR	CLM
HG01346	AMR	CLM
HG01347	AMR	CLM
HG01348	AMR	CLM
HG01349	AMR	CLM
HG01350	AMR	CLM
HG01351	AMR	CLM
HG01352	AMR	CLM
HG01353	AMR	CLM
HG01354	AMR	CLM
HG01355	AMR	CLM
HG01356	AMR	CLM
HG01357	AMR	CLM
HG01358	AMR	CLM
HG01359	AMR	CLM
HG01360	AMR	CLM
HG01361	AMR	CLM
HG01362	AMR	CLM
HG01363	AMR	CLM
HG01364	AMR	CLM
HG01365	AMR	CLM
HG01366	AMR	CLM
HG01367	AMR	CLM
HG01369	AMR	CLM
HG01372	AMR	CLM
HG01374	AMR	CLM
HG01375	AMR	CLM
HG01376	AMR	CLM
HG01377	AMR	CLM
HG01378	AMR	CLM
HG01379	AMR	CLM
HG01383	AMR	CLM
HG01384	AMR	CLM
HG01385	AMR	CLM
HG01389	AMR	CLM
HG01390	AMR	CLM
HG01391	AMR	CLM
HG01392	AMR	PUR
HG01393	AMR	PUR
HG01394	AMR	PUR
HG01395	AMR	PUR
HG01396	AMR	PUR
HG01397	AMR	PUR
HG01398	AMR	PUR
HG01402	AMR	PUR
HG01403	AMR	PUR
HG01404	AMR	PUR
HG01405	AMR	PUR
HG01411	AMR	PUR
HG01412	AMR	PUR
HG01413	AMR	PUR
HG01414	AMR	PUR
HG01415	AMR	PUR
HG01431	AMR	CLM
HG01432	AMR	CLM
HG01433	AMR	CLM
HG01435	AMR	CLM
HG01437	AMR	CLM
HG01438	AMR	CLM
HG01439	AMR	CLM
HG01440	AMR	CLM
HG01441	AMR	CLM
HG01442	AMR	CLM
HG01443	AMR	CLM
HG01444	AMR	CLM
HG01445	AMR	CLM
HG01447	AMR	CLM
HG01452	AMR	CLM
HG01453	AMR	CLM
HG01454	AMR	CLM
HG01455	AMR	CLM
HG01456	AMR	CLM
HG01457	AMR	CLM
HG01459	AMR	CLM
HG01461	AMR	CLM
HG01462	AMR	CLM
HG01463	AMR	CLM
HG01464	AMR	CLM
HG01465	AMR	CLM
HG01466	AMR	CLM
HG01468	AMR	CLM
HG01471	AMR	CLM
HG01473	AMR	CLM
HG01474	AMR	CLM
HG01477	AMR	CLM
HG01479	AMR	CLM
HG01480	AMR	CLM
HG01481	AMR	CLM
HG01482	AMR	CLM
HG01483	AMR	CLM
HG01484	AMR	CLM
HG01485	AMR	CLM
HG01486	AMR	CLM
HG01487	AMR	CLM
HG01488	AMR	CLM
HG01489	AMR	CLM
HG01490	AMR	CLM
HG01491	AMR	CLM
HG01492	AMR	CLM
HG01493	AMR	CLM
HG01494	AMR	CLM
HG01495	AMR	CLM
HG01496	AMR	CLM
HG01497	AMR	CLM
HG01498	AMR	CLM
HG01499	AMR	CLM
HG01500	EUR	IBS
HG01501	EUR	IBS
HG01502	EUR	IBS
HG01503	EUR	IBS
HG01504	EUR	IBS
HG01505	EUR	IBS
HG01506	EUR	IBS
HG01507	EUR	IBS
HG01508	EUR	IBS
HG01509	EUR	IBS
HG01510	EUR	IBS
HG01511	EUR	IBS
HG01512	EUR	IBS
HG01513	EUR	IBS
HG01514	EUR	IBS
HG01515	EUR	IBS
HG01516	EUR	IBS
HG01517	EUR	IBS
HG01518	EUR	IBS
HG01519	EUR	IBS
HG01520	EUR	IBS
HG01521	EUR	IBS
HG01522	EUR	IBS
HG01523	EUR	IBS
HG01524	EUR	IBS
HG01525	EUR	IBS
HG01526	EUR	IBS
HG01527	EUR	IBS
HG01528	EUR	IBS
HG01529	EUR	IBS
HG01530	EUR	IBS
HG01531	EUR	IBS
HG01532	EUR	IBS
HG01536	EUR	IBS
HG01537	EUR	IBS
HG01538	EUR	IBS
HG01550	AMR	CLM
HG01551	AMR	CLM
HG01552	AMR	CLM
HG01556	AMR	CLM
HG01565	AMR	PEL
HG01566	AMR	PEL
HG01567	AMR	PEL
HG01571	AMR	PEL
HG01572	AMR	PEL
HG01573	AMR	PEL
HG01577	AMR	PEL
HG01578	AMR	PEL
HG01579	AMR	PEL
HG01583	SAS	PJL
HG01586	SAS	PJL
HG01589	SAS	PJL
HG01590	SAS	PJL
HG01593	SAS	PJL
HG01594	SAS	PJL
HG01595	EAS	KHV
HG01596	EAS	KHV
HG01597	EAS	KHV
HG01598	EAS	KHV
HG01599	EAS	KHV
HG01600	EAS	KHV
HG01601	EUR	IBS
HG01602	EUR	IBS
HG01603	EUR	IBS
HG01604	EUR	IBS
HG01605	EUR	IBS
HG01606	EUR	IBS
HG01607	EUR	IBS
HG01608	EUR	IBS
HG01609	EUR	IBS
HG01610	EUR	IBS
HG01611	EUR	IBS
HG01612	EUR	IBS
HG01613	EUR	IBS
HG01614	EUR	IBS
HG01615	EUR	IBS
HG01616	EUR	IBS
HG01617	EUR	IBS
HG01618	EUR	IBS
HG01619	EUR	IBS
HG01620	EUR	IBS
HG01621	EUR	IBS
HG01622	EUR	IBS
HG01623	EUR	IBS
HG01624	EUR	IBS
HG01625	EUR	IBS
HG01626	EUR	IBS
HG01627	EUR	IBS
HG01628	EUR	IBS
HG01629	EUR	IBS
HG01630	EUR	IBS
HG01631	EUR	IBS
HG01632	EUR	IBS
HG01633	EUR	IBS
HG01667	EUR	IBS
HG01668	EUR	IBS
HG01669	EUR	IBS
HG01670	EUR	IBS
HG01671	EUR	IBS
HG01672	EUR	IBS
HG01673	EUR	IBS
HG01674	EUR	IBS
HG01675	EUR	IBS
HG01676	EUR	IBS
HG01677	EUR	IBS
HG01678	EUR	IBS
HG01679	EUR	IBS
HG01680	EUR	IBS
HG01681	EUR	IBS
HG01682	EUR	IBS
HG01683	EUR	IBS
HG01684	EUR	IBS
HG01685	EUR	IBS
HG01686	EUR	IBS
HG01687	EUR	IBS
HG01694	EUR	IBS
HG01695	EUR	IBS
HG01696	EUR	IBS
HG01697	EUR	IBS
HG01698	EUR	IBS
HG01699	EUR	IBS
HG01700	EUR	IBS
HG01701	EUR	IBS
HG01702	EUR	IBS
HG01703	EUR	IBS
HG01704	EUR	IBS
HG01705	EUR	IBS
HG01706	EUR	IBS
HG01707	EUR	IBS
HG01708	EUR	IBS
HG01709	EUR	IBS
HG01710	EUR	IBS
HG01711	EUR	IBS
HG01746	EUR	IBS
HG01747	EUR	IBS
HG01748	EUR	IBS
HG01755	EUR	IBS
HG01756	EUR	IBS
HG01757	EUR	IBS
HG01761	EUR	IBS
HG01762	EUR	IBS
HG01763	EUR	IBS
HG01764	EUR	IBS
HG01765	EUR	IBS
HG01766	EUR	IBS
HG01767	EUR	IBS
HG01768	EUR	IBS
HG01769	EUR	IBS
HG01770	EUR	IBS
HG01771	EUR	IBS
HG01772	EUR	IBS
HG01773	EUR	IBS
HG01774	EUR	IBS
HG01775	EUR	IBS
HG01776	EUR	IBS
HG01777	EUR	IBS
HG01778	EUR	IBS
HG01779	EUR	IBS
HG01780	EUR	IBS
HG01781	EUR	IBS
HG01782	EUR	IBS
HG01783	EUR	IBS
HG01784	EUR	IBS
HG01785	EUR	IBS
HG01786	EUR	IBS
HG01787	EUR	IBS
HG01789	EUR	GBR
HG01790	EUR	GBR
HG01791	EUR	GBR
HG01794	EAS	CDX
HG01795	EAS	CDX
HG01796	EAS	CDX
HG01797	EAS	CDX
HG01798	EAS	CDX
HG01799	EAS	CDX
HG01800	EAS	CDX
HG01801	EAS	CDX
HG01802	EAS	CDX
HG01804	EAS	CDX
HG01805	EAS	CDX
HG01806	EAS	CDX
HG01807	EAS	CDX
HG01808	EAS	CDX
HG01809	EAS	CDX
HG01810	EAS	CDX
HG01811	EAS	CDX
HG01812	EAS	CDX
HG01813	EAS	CDX
HG01815	EAS	CDX
HG01816	EAS	CDX
HG01817	EAS	CDX
HG01840	EAS	KHV
HG01841	EAS	KHV
HG01842	EAS	KHV
HG01843	EAS	KHV
HG01844	EAS	KHV
HG01845	EAS	KHV
HG01846	EAS	KHV
HG01847	EAS	KHV
HG01848	EAS	KHV
HG01849	EAS	KHV
HG01850	EAS	KHV
HG01851	EAS	KHV
HG01852	EAS	KHV
HG01853	EAS	KHV
HG01855	EAS	KHV
HG01857	EAS	KHV
HG01858	EAS	KHV
HG01859	EAS	KHV
HG01860	EAS	KHV
HG01861	EAS	KHV
HG01862	EAS	KHV
HG01863	EAS	KHV
HG01864	EAS	KHV
HG01865	EAS	KHV
HG01866	EAS	KHV
HG01867	EAS	KHV
HG01868	EAS	KHV
HG01869	EAS	KHV
HG01870	EAS	KHV
HG01871	EAS	KHV
HG01872	EAS	KHV
HG01873	EAS	KHV
HG01874	EAS	KHV
HG01878	EAS	KHV
HG01879	AFR	ACB
HG01880	AFR	ACB
HG01881	AFR	ACB
HG01882	AFR	ACB
HG01883	AFR	ACB
HG01884	AFR	ACB
HG01885	AFR	ACB
HG01886	AFR	ACB
HG01887	AFR	ACB
HG01888	AFR	ACB
HG01889	AFR	ACB
HG01890	AFR	ACB
HG01891	AFR	ACB
HG01892	AMR	PEL
HG01893	AMR	PEL
HG01894	AFR	ACB
HG01895	AFR	ACB
HG01896	AFR	ACB
HG01897	AFR	ACB
HG01898	AMR	PEL
HG01912	AFR	ACB
HG01914	AFR	ACB
HG01915	AFR	ACB
HG01916	AFR	ACB
HG01917	AMR	PEL
HG01918	AMR	PEL
HG01919	AMR	PEL
HG01920	AMR	PEL
HG01921	AMR	PEL
HG01922	AMR	PEL
HG01923	AMR	PEL
HG01924	AMR	PEL
HG01925	AMR	PEL
HG01926	AMR	PEL
HG01927	AMR	PEL
HG01928	AMR	PEL
HG01932	AMR	PEL
HG01933	AMR	PEL
HG01934	AMR	PEL
HG01935	AMR	PEL
HG01936	AMR	PEL
HG01937	AMR	PEL
HG01938	AMR	PEL
HG01939	AMR	PEL
HG01940	AMR	PEL
HG01941	AMR	PEL
HG01942	AMR	PEL
HG01943	AMR	PEL
HG01944	AMR	PEL
HG01945	AMR	PEL
HG01946	AMR	PEL
HG01947	AMR	PEL
HG01948	AMR	PEL
HG01949	AMR	PEL
HG01950	AMR	PEL
HG01951	AMR	PEL
HG01952	AMR	PEL
HG01953	AMR	PEL
HG01954	AMR	PEL
HG01955	AMR	PEL
HG01956	AFR	ACB
HG01958	AFR	ACB
HG01959	AFR	ACB
HG01960	AFR	ACB
HG01961	AMR	PEL
HG01965	AMR	PEL
HG01967	AMR	PEL
HG01968	AMR	PEL
HG01969	AMR	PEL
HG01970	AMR	PEL
HG01971	AMR	PEL
HG01972	AMR	PEL
HG01973	AMR	PEL
HG01974	AMR	PEL
HG01975	AMR	PEL
HG01976	AMR	PEL
HG01977	AMR	PEL
HG01978	AMR	PEL
HG01979	AMR	PEL
HG01980	AMR	PEL
HG01981	AMR	PEL
HG01982	AMR	PEL
HG01983	AMR	PEL
HG01984	AMR	PEL
HG01985	AFR	ACB
HG01986	AFR	ACB
HG01987	AFR	ACB
HG01988	AFR	ACB
HG01989	AFR	ACB
HG01990	AFR	ACB
HG01991	AMR	PEL
HG01992	AMR	PEL
HG01993	AMR	PEL
HG01995	AMR	PEL
HG01997	AMR	PEL
HG01998	AMR	PEL
HG02002	AMR	PEL
HG02003	AMR	PEL
HG02004	AMR	PEL
HG02006	AMR	PEL
HG02008	AMR	PEL
HG02009	AFR	ACB
HG02010	AFR	ACB
HG02011	AFR	ACB
HG02012	AFR	ACB
HG02013	AFR	ACB
HG02014	AFR	ACB
HG02015	EAS	KHV
HG02016	EAS	KHV
HG02017	EAS	KHV
HG02018	EAS	KHV
HG02019	EAS	KHV
HG02020	EAS	KHV
HG02021	EAS	KHV
HG02023	EAS	KHV
HG02024	EAS	KHV
HG02025	EAS	KHV
HG02026	EAS	KHV
HG02027	EAS	KHV
HG02028	EAS	KHV
HG02029	EAS	KHV
HG02030	EAS	KHV
HG02031	EAS	KHV
HG02032	EAS	KHV
HG02035	EAS	KHV
HG02040	EAS	KHV
HG02046	EAS	KHV
HG02047	EAS	KHV
HG02048	EAS	KHV
HG02049	EAS	KHV
HG02050	EAS	KHV
HG02051	AFR	ACB
HG02052	AFR	ACB
HG02053	AFR	ACB
HG02054	AFR	ACB
HG02055	AFR	ACB
HG02056	EAS	KHV
HG02057	EAS	KHV
HG02058	EAS	KHV
HG02059	EAS	KHV
HG02060	EAS	KHV
HG02061	EAS	KHV
HG02064	EAS	KHV
HG02067	EAS	KHV
HG02068	EAS	KHV
HG02069	EAS	KHV
HG02070	EAS	KHV
HG02071	EAS	KHV
HG02072	EAS	KHV
HG02073	EAS	KHV
HG02074	EAS	KHV
HG02075	EAS	KHV
HG02076	EAS	KHV
HG02077	EAS	KHV
HG02078	EAS	KHV
HG02079	EAS	KHV
HG02080	EAS	KHV
HG02081	EAS	KHV
HG02082	EAS	KHV
HG02083	EAS	KHV
HG02084	EAS	KHV
HG02085	EAS	KHV
HG02086	EAS	KHV
HG02087	EAS	KHV
HG02088	EAS	KHV
HG02089	AMR	PEL
HG02090	AMR	PEL
HG02091	AMR	PEL
HG02095	AFR	ACB
HG02102	AMR	PEL
HG02104	AMR	PEL
HG02105	AMR	PEL
HG02106	AMR	PEL
HG02107	AFR	ACB
HG02108	AFR	ACB
HG02111	AFR	ACB
HG02113	EAS	KHV
HG02116	EAS	KHV
HG02120	EAS	KHV
HG02121	EAS	KHV
HG02122	EAS	KHV
HG02126	EAS	KHV
HG02127	EAS	KHV
HG02128	EAS	KHV
HG02129	EAS	KHV
HG02130	EAS	KHV
HG02131	EAS	KHV
HG02132	EAS	KHV
HG02133	EAS	KHV
HG02134	EAS	KHV
HG02135	EAS	KHV
HG02136	EAS	KHV
HG02137	EAS	KHV
HG02138	EAS	KHV
HG02139	EAS	KHV
HG02140	EAS	KHV
HG02141	EAS	KHV
HG02142	EAS	KHV
HG02143	AFR	ACB
HG02144	AFR	ACB
HG02145	AFR	ACB
HG02146	AMR	PEL
HG02147	AMR	PEL
HG02148	AMR	PEL
HG02150	AMR	PEL
HG02151	EAS	CDX
HG02152	EAS	CDX
HG02153	EAS	CDX
HG02154	EAS	CDX
HG02155	EAS	CDX
HG02156	EAS	CDX
HG02164	EAS	CDX
HG02165	EAS	CDX
HG02166	EAS	CDX
HG02168	EAS	CDX
HG02169	EAS	CDX
HG02170	EAS	CDX
HG02173	EAS	CDX
HG02176	EAS	CDX
HG02178	EAS	CDX
HG02179	EAS	CDX
HG02180	EAS	CDX
HG02181	EAS	CDX
HG02182	EAS	CDX
HG02184	EAS	CDX
HG02185	EAS	CDX
HG02186	EAS	CDX
HG02187	EAS	CDX
HG02188	EAS	CDX
HG02189	EAS	CDX
HG02190	EAS	CDX
HG02215	EUR	GBR
HG02217	EUR	IBS
HG02218	EUR	IBS
HG02219	EUR	IBS
HG02220	EUR	IBS
HG02221	EUR	IBS
HG02222	EUR	IBS
HG02223	EUR	IBS
HG02224	EUR	IBS
HG02225	EUR	IBS
HG02229	EUR	IBS
HG02230	EUR	IBS
HG02231	EUR	IBS
HG02232	EUR	IBS
HG02233	EUR	IBS
HG02234	EUR	IBS
HG02235	EUR	IBS
HG02236	EUR	IBS
HG02237	EUR	IBS
HG02238	EUR	IBS
HG02239	EUR	IBS
HG02240	EUR	IBS
HG02250	EAS	CDX
HG02252	AMR	PEL
HG02253	AMR	PEL
HG02254	AMR	PEL
HG02255	AFR	ACB
HG02256	AFR	ACB
HG02257	AFR	ACB
HG02258	AFR	ACB
HG02259	AMR	PEL
HG02260	AMR	PEL
HG02261	AMR	PEL
HG02262	AMR	PEL
HG02265	AMR	PEL
HG02266	AMR	PEL
HG02267	AMR	PEL
HG02271	AMR	PEL
HG02272	AMR	PEL
HG02273	AMR	PEL
HG02274	AMR	PEL
HG02275	AMR	PEL
HG02276	AMR	PEL
HG02277	AMR	PEL
HG02278	AMR	PEL
HG02279	AMR	PEL
HG02280	AFR	ACB
HG02281	AFR	ACB
HG02282	AFR	ACB
HG02283	AFR	ACB
HG02284	AFR	ACB
HG02285	AMR	PEL
HG02286	AMR	PEL
HG02287	AMR	PEL
HG02288	AMR	PEL
HG02291	AMR	PEL
HG02292	AMR	PEL
HG02293	AMR	PEL
HG02298	AMR	PEL
HG02299	AMR	PEL
HG02300	AMR	PEL
HG02301	AMR	PEL
HG02302	AMR	PEL
HG02303	AMR	PEL
HG02304	AMR	PEL
HG02307	AFR	ACB
HG02308	AFR	ACB
HG02309	AFR	ACB
HG02312	AMR	PEL
HG02314	AFR	ACB
HG02315	AFR	ACB
HG02316	AFR	ACB
HG02317	AFR	ACB
HG02318	AFR	ACB
HG02321	AFR	ACB
HG02322	AFR	ACB
HG02323	AFR	ACB
HG02325	AFR	ACB
HG02330	AFR	ACB
HG02332	AFR	ACB
HG02334	AFR	ACB
HG02337	AFR	ACB
HG02339	AFR	ACB
HG02343	AFR	ACB
HG02344	AMR	PEL
HG02345	AMR	PEL
HG02347	AMR	PEL
HG02348	AMR	PEL
HG02351	EAS	CDX
HG02353	EAS	CDX
HG02355	EAS	CDX
HG02356	EAS	CDX
HG02358	EAS	CDX
HG02360	EAS	CDX
HG02363	EAS	CDX
HG02364	EAS	CDX
HG02367	EAS	CDX
HG02371	EAS	CDX
HG02372	EAS	CDX
HG02373	EAS	CDX
HG02374	EAS	CDX
HG02375	EAS	CDX
HG02377	EAS	CDX
HG02379	EAS	CDX
HG02380	EAS	CDX
HG02381	EAS	CDX
HG02382	EAS	CDX
HG02383	EAS	CDX
HG02384	EAS	CDX
HG02385	EAS	CDX
HG02386	EAS	CDX
HG02387	EAS	CDX
HG02388	EAS	CDX
HG02389	EAS	CDX
HG02390	EAS	CDX
HG02391	EAS	CDX
HG02392	EAS	CDX
HG02394	EAS	CDX
HG02395	EAS	CDX
HG02396	EAS	CDX
HG02397	EAS	CDX
HG02398	EAS	CDX
HG02399	EAS	CDX
HG02401	EAS	CDX
HG02402	EAS	CDX
HG02405	EAS	CDX
HG02406	EAS	CDX
HG02407	EAS	CDX
HG02408	EAS	CDX
HG02409	EAS	CDX
HG02410	EAS	CDX
HG02415	AMR	PEL
HG02419	AFR	ACB
HG02420	AFR	ACB
HG02425	AMR	PEL
HG02427	AFR	ACB
HG02428	AFR	ACB
HG02429	AFR	ACB
HG02433	AFR	ACB
HG02436	AFR	ACB
HG02439	AFR	ACB
HG02442	AFR	ACB
HG02445	AFR	ACB
HG02449	AFR	ACB
HG02450	AFR	ACB
HG02451	AFR	ACB
HG02455	AFR	ACB
HG02461	AFR	GWD
HG02462	AFR	GWD
HG02463	AFR	GWD
HG02464	AFR	GWD
HG02465	AFR	GWD
HG02466	AFR	GWD
HG02470	AFR	ACB
HG02471	AFR	ACB
HG02476	AFR	ACB
HG02477	AFR	ACB
HG02478	AFR	ACB
HG02479	AFR	ACB
HG02480	AFR	ACB
HG02481	AFR	ACB
HG02484	AFR	ACB
HG02485	AFR	ACB
HG02486	AFR	ACB
HG02489	AFR	ACB
HG02490	SAS	PJL
HG02491	SAS	PJL
HG02492	SAS	PJL
HG02493	SAS	PJL
HG02494	SAS	PJL
HG02495	SAS	PJL
HG02496	AFR	ACB
HG02497	AFR	ACB
HG02501	AFR	ACB
HG02502	AFR	ACB
HG02505	AFR	ACB
HG02508	AFR	ACB
HG02511	AFR	ACB
HG02512	EAS	KHV
HG02513	EAS	KHV
HG02514	EAS	KHV
HG02521	EAS	KHV
HG02522	EAS	KHV
HG02523	EAS	KHV
HG02524	EAS	KHV
HG02525	EAS	KHV
HG02526	EAS	KHV
HG02536	AFR	ACB
HG02537	AFR	ACB
HG02541	AFR	ACB
HG02545	AFR	ACB
HG02546	AFR	ACB
HG02547	AFR	ACB
HG02549	AFR	ACB
HG02554	AFR	ACB
HG02555	AFR	ACB
HG02557	AFR	ACB
HG02558	AFR	ACB
HG02559	AFR	ACB
HG02561	AFR	GWD
HG02562	AFR	GWD
HG02563	AFR	GWD
HG02567	AFR	GWD
HG02568	AFR	GWD
HG02569	AFR	GWD
HG02570	AFR	GWD
HG02571	AFR	GWD
HG02572	AFR	GWD
HG02573	AFR	GWD
HG02574	AFR	GWD
HG02575	AFR	GWD
HG02577	AFR	ACB
HG02580	AFR	ACB
HG02582	AFR	GWD
HG02583	AFR	GWD
HG02584	AFR	GWD
HG02585	AFR	GWD
HG02586	AFR	GWD
HG02587	AFR	GWD
HG02588	AFR	GWD
HG02589	AFR	GWD
HG02590	AFR	GWD
HG02594	AFR	GWD
HG02595	AFR	GWD
HG02596	AFR	GWD
HG02597	SAS	PJL
HG02599	SAS	PJL
HG02600	SAS	PJL
HG02601	SAS	PJL
HG02602	SAS	PJL
HG02603	SAS	PJL
HG02604	SAS	PJL
HG02605	SAS	PJL
HG02610	AFR	GWD
HG02611	AFR	GWD
HG02612	AFR	GWD
HG02613	AFR	GWD
HG02614	AFR	GWD
HG02615	AFR	GWD
HG02620	AFR	GWD
HG02621	AFR	GWD
HG02622	AFR	GWD
HG02623	AFR	GWD
HG02624	AFR	GWD
HG02625	AFR	GWD
HG02628	AFR	GWD
HG02629	AFR	GWD
HG02630	AFR	GWD
HG02634	AFR	GWD
HG02635	AFR	GWD
HG02636	AFR	GWD
HG02642	AFR	GWD
HG02643	AFR	GWD
HG02644	AFR	GWD
HG02645	AFR	GWD
HG02646	AFR	GWD
HG02647	AFR	GWD
HG02648	SAS	PJL
HG02649	SAS	PJL
HG02650	SAS	PJL
HG02651	SAS	PJL
HG02652	SAS	PJL
HG02653	SAS	PJL
HG02654	SAS	PJL
HG02655	SAS	PJL
HG02656	SAS	PJL
HG02657	SAS	PJL
HG02658	SAS	PJL
HG02659	SAS	PJL
HG02660	SAS	PJL
HG02661	SAS	PJL
HG02662	SAS	PJL
HG02666	AFR	GWD
HG02667	AFR	GWD
HG02668	AFR	GWD
HG02675	AFR	GWD
HG02676	AFR	GWD
HG02677	AFR	GWD
HG02678	AFR	GWD
HG02679	AFR	GWD
HG02680	AFR	GWD
HG02681	SAS	PJL
HG02682	SAS	PJL
HG02683	SAS	PJL
HG02684	SAS	PJL
HG02685	SAS	PJL
HG02686	SAS	PJL
HG02687	SAS	PJL
HG02688	SAS	PJL
HG02689	SAS	PJL
HG02690	SAS	PJL
HG02691	SAS	PJL
HG02692	SAS	PJL
HG02694	SAS	PJL
HG02696	SAS	PJL
HG02697	SAS	PJL
HG02698	SAS	PJL
HG02699	SAS	PJL
HG02700	SAS	PJL
HG02701	SAS	PJL
HG02702	AFR	GWD
HG02703	AFR	GWD
HG02704	AFR	GWD
HG02715	AFR	GWD
HG02716	AFR	GWD
HG02717	AFR	GWD
HG02721	AFR	GWD
HG02722	AFR	GWD
HG02723	AFR	GWD
HG02724	SAS	PJL
HG02725	SAS	PJL
HG02726	SAS	PJL
HG02727	SAS	PJL
HG02728	SAS	PJL
HG02729	SAS	PJL
HG02731	SAS	PJL
HG02733	SAS	PJL
HG02734	SAS	PJL
HG02735	SAS	PJL
HG02736	SAS	PJL
HG02737	SAS	PJL
HG02738	SAS	PJL
HG02756	AFR	GWD
HG02757	AFR	GWD
HG02758	AFR	GWD
HG02759	AFR	GWD
HG02760	AFR	GWD
HG02761	AFR	GWD
HG02762	AFR	GWD
HG02763	AFR	GWD
HG02764	AFR	GWD
HG02768	AFR	GWD
HG02769	AFR	GWD
HG02770	AFR	GWD
HG02771	AFR	GWD
HG02772	AFR	GWD
HG02773	AFR	GWD
HG02774	SAS	PJL
HG02775	SAS	PJL
HG02776	SAS	PJL
HG02778	SAS	PJL
HG02779	SAS	PJL
HG02780	SAS	PJL
HG02781	SAS	PJL
HG02783	SAS	PJL
HG02784	SAS	PJL
HG02785	SAS	PJL
HG02786	SAS	PJL
HG02787	SAS	PJL
HG02788	SAS	PJL
HG02789	SAS	PJL
HG02790	SAS	PJL
HG02791	SAS	PJL
HG02792	SAS	PJL
HG02793	SAS	PJL
HG02794	SAS	PJL
HG02798	AFR	GWD
HG02799	AFR	GWD
HG02800	AFR	GWD
HG02804	AFR	GWD
HG02805	AFR	GWD
HG02806	AFR	GWD
HG02807	AFR	GWD
HG02808	AFR	GWD
HG02809	AFR	GWD
HG02810	AFR	GWD
HG02811	AFR	GWD
HG02812	AFR	GWD
HG02813	AFR	GWD
HG02814	AFR	GWD
HG02815	AFR	GWD
HG02816	AFR	GWD
HG02817	AFR	GWD
HG02818	AFR	GWD
HG02819	AFR	GWD
HG02820	AFR	GWD
HG02821	AFR	GWD
HG02836	AFR	GWD
HG02837	AFR	GWD
HG02838	AFR	GWD
HG02839	AFR	GWD
HG02840	AFR	GWD
HG02841	AFR	GWD
HG02851	AFR	GWD
HG02852	AFR	GWD
HG02853	AFR	GWD
HG02854	AFR	GWD
HG02855	AFR	GWD
HG02856	AFR	GWD
HG02860	AFR	GWD
HG02861	AFR	GWD
HG02862	AFR	GWD
HG02869	AFR	GWD
HG02870	AFR	GWD
HG02871	AFR	GWD
HG02878	AFR	GWD
HG02879	AFR	GWD
HG02880	AFR	GWD
HG02881	AFR	GWD
HG02882	AFR	GWD
HG02883	AFR	GWD
HG02884	AFR	GWD
HG02885	AFR	GWD
HG02886	AFR	GWD
HG02887	AFR	GWD
HG02888	AFR	GWD
HG02889	AFR	GWD
HG02890	AFR	GWD
HG02891	AFR	GWD
HG02892	AFR	GWD
HG02895	AFR	GWD
HG02896	AFR	GWD
HG02897	AFR	GWD
HG02922	AFR	ESN
HG02923	AFR	ESN
HG02924	AFR	ESN
HG02938	AFR	ESN
HG02939	AFR	ESN
HG02941	AFR	ESN
HG02942	AFR	ESN
HG02943	AFR	ESN
HG02944	AFR	ESN
HG02945	AFR	ESN
HG02946	AFR	ESN
HG02947	AFR	ESN
HG02948	AFR	ESN
HG02952	AFR	ESN
HG02953	AFR	ESN
HG02954	AFR	ESN
HG02964	AFR	ESN
HG02965	AFR	ESN
HG02966	AFR	ESN
HG02968	AFR	ESN
HG02969	AFR	ESN
HG02970	AFR	ESN
HG02971	AFR	ESN
HG02972	AFR	ESN
HG02973	AFR	ESN
HG02974	AFR	ESN
HG02975	AFR	ESN
HG02976	AFR	ESN
HG02977	AFR	ESN
HG02978	AFR	ESN
HG02979	AFR	ESN
HG02980	AFR	ESN
HG02981	AFR	ESN
HG02982	AFR	GWD
HG02983	AFR	GWD
HG02984	AFR	GWD
HG03006	SAS	BEB
HG03007	SAS	BEB
HG03008	SAS	BEB
HG03009	SAS	BEB
HG03012	SAS	BEB
HG03015	SAS	PJL
HG03016	SAS	PJL
HG03017	SAS	PJL
HG03018	SAS	PJL
HG03019	SAS	PJL
HG03021	SAS	PJL
HG03022	SAS	PJL
HG03023	SAS	PJL
HG03024	AFR	GWD
HG03025	AFR	GWD
HG03026	AFR	GWD
HG03027	AFR	GWD
HG03028	AFR	GWD
HG03029	AFR	GWD
HG03033	AFR	GWD
HG03034	AFR	GWD
HG03035	AFR	GWD
HG03039	AFR	GWD
HG03040	AFR	GWD
HG03041	AFR	GWD
HG03045	AFR	GWD
HG03046	AFR	GWD
HG03047	AFR	GWD
HG03048	AFR	GWD
HG03049	AFR	GWD
HG03050	AFR	GWD
HG03052	AFR	MSL
HG03053	AFR	MSL
HG03054	AFR	MSL
HG03055	AFR	MSL
HG03056	AFR	MSL
HG03057	AFR	MSL
HG03058	AFR	MSL
HG03059	AFR	MSL
HG03060	AFR	MSL
HG03061	AFR	MSL
HG03062	AFR	MSL
HG03063	AFR	MSL
HG03064	AFR	MSL
HG03065	AFR	MSL
HG03066	AFR	MSL
HG03069	AFR	MSL
HG03072	AFR	MSL
HG03073	AFR	MSL
HG03074	AFR	MSL
HG03076	AFR	MSL
HG03077	AFR	MSL
HG03078	AFR	MSL
HG03079	AFR	MSL
HG03080	AFR	MSL
HG03081	AFR	MSL
HG03082	AFR	MSL
HG03084	AFR	MSL
HG03085	AFR	MSL
HG03086	AFR	MSL
HG03088	AFR	MSL
HG03091	AFR	MSL
HG03095	AFR	MSL
HG03096	AFR	MSL
HG03097	AFR	MSL
HG03098	AFR	MSL
HG03099	AFR	ESN
HG03100	AFR	ESN
HG03101	AFR	ESN
HG03103	AFR	ESN
HG03104	AFR	ESN
HG03105	AFR	ESN
HG03107	AFR	ESN
HG03108	AFR	ESN
HG03109	AFR	ESN
HG03110	AFR	ESN
HG03111	AFR	ESN
HG03112	AFR	ESN
HG03113	AFR	ESN
HG03114	AFR	ESN
HG03115	AFR	ESN
HG03116	AFR	ESN
HG03117	AFR	ESN
HG03118	AFR	ESN
HG03119	AFR	ESN
HG03120	AFR	ESN
HG03121	AFR	ESN
HG03122	AFR	ESN
HG03123	AFR	ESN
HG03124	AFR	ESN
HG03125	AFR	ESN
HG03126	AFR	ESN
HG03127	AFR	ESN
HG03128	AFR	ESN
HG03129	AFR	ESN
HG03130	AFR	ESN
HG03131	AFR	ESN
HG03132	AFR	ESN
HG03133	AFR	ESN
HG03134	AFR	ESN
HG03135	AFR	ESN
HG03136	AFR	ESN
HG03137	AFR	ESN
HG03139	AFR	ESN
HG03140	AFR	ESN
HG03157	AFR	ESN
HG03158	AFR	ESN
HG03159	AFR	ESN
HG03160	AFR	ESN
HG03161	AFR	ESN
HG03162	AFR	ESN
HG03163	AFR	ESN
HG03164	AFR	ESN
HG03166	AFR	ESN
HG03167	AFR	ESN
HG03168	AFR	ESN
HG03169	AFR	ESN
HG03170	AFR	ESN
HG03171	AFR	ESN
HG03172	AFR	ESN
HG03173	AFR	ESN
HG03175	AFR	ESN
HG03176	AFR	ESN
HG03189	AFR	ESN
HG03190	AFR	ESN
HG03191	AFR	ESN
HG03193	AFR	ESN
HG03194	AFR	ESN
HG03195	AFR	ESN
HG03196	AFR	ESN
HG03197	AFR	ESN
HG03198	AFR	ESN
HG03199	AFR	ESN
HG03200	AFR	ESN
HG03202	AFR	ESN
HG03203	AFR	ESN
HG03209	AFR	MSL
HG03212	AFR	MSL
HG03224	AFR	MSL
HG03225	AFR	MSL
HG03228	SAS	PJL
HG03229	SAS	PJL
HG03230	SAS	PJL
HG03234	SAS	PJL
HG03235	SAS	PJL
HG03236	SAS	PJL
HG03237	SAS	PJL
HG03238	SAS	PJL
HG03239	SAS	PJL
HG03240	AFR	GWD
HG03241	AFR	GWD
HG03242	AFR	GWD
HG03246	AFR	GWD
HG03247	AFR	GWD
HG03248	AFR	GWD
HG03249	AFR	GWD
HG03250	AFR	GWD
HG03251	AFR	GWD
HG03258	AFR	GWD
HG03259	AFR	GWD
HG03260	AFR	GWD
HG03265	AFR	ESN
HG03266	AFR	ESN
HG03267	AFR	ESN
HG03268	AFR	ESN
HG03269	AFR	ESN
HG03270	AFR	ESN
HG03271	AFR	ESN
HG03272	AFR	ESN
HG03279	AFR	ESN
HG03280	AFR	ESN
HG03291	AFR	ESN
HG03293	AFR	ESN
HG03294	AFR	ESN
HG03295	AFR	ESN
HG03296	AFR	ESN
HG03297	AFR	ESN
HG03298	AFR	ESN
HG03299	AFR	ESN
HG03300	AFR	ESN
HG03301	AFR	ESN
HG03302	AFR	ESN
HG03303	AFR	ESN
HG03304	AFR	ESN
HG03305	AFR	ESN
HG03306	AFR	ESN
HG03307	AFR	ESN
HG03308	AFR	ESN
HG03309	AFR	ESN
HG03310	AFR	ESN
HG03311	AFR	ESN
HG03312	AFR	ESN
HG03313	AFR	ESN
HG03314	AFR	ESN
HG03339	AFR	ESN
HG03341	AFR	ESN
HG03342	AFR	ESN
HG03343	AFR	ESN
HG03344	AFR	ESN
HG03350	AFR	ESN
HG03351	AFR	ESN
HG03352	AFR	ESN
HG03354	AFR	ESN
HG03361	AFR	ESN
HG03362	AFR	ESN
HG03363	AFR	ESN
HG03365	AFR	ESN
HG03366	AFR	ESN
HG03367	AFR	ESN
HG03368	AFR	ESN
HG03369	AFR	ESN
HG03370	AFR	ESN
HG03371	AFR	ESN
HG03372	AFR	ESN
HG03373	AFR	ESN
HG03374	AFR	ESN
HG03376	AFR	MSL
HG03378	AFR	MSL
HG03380	AFR	MSL
HG03381	AFR	MSL
HG03382	AFR	MSL
HG03383	AFR	MSL
HG03384	AFR	MSL
HG03385	AFR	MSL
HG03388	AFR	MSL
HG03390	AFR	MSL
HG03391	AFR	MSL
HG03393	AFR	MSL
HG03394	AFR	MSL
HG03397	AFR	MSL
HG03398	AFR	MSL
HG03399	AFR	MSL
HG03401	AFR	MSL
HG03402	AFR	MSL
HG03408	AFR	MSL
HG03410	AFR	MSL
HG03411	AFR	MSL
HG03419	AFR	MSL
HG03428	AFR	MSL
HG03431	AFR	MSL
HG03432	AFR	MSL
HG03433	AFR	MSL
HG03436	AFR	MSL
HG03437	AFR	MSL
HG03438	AFR	MSL
HG03439	AFR	MSL
HG03442	AFR	MSL
HG03445	AFR	MSL
HG03446	AFR	MSL
HG03449	AFR	MSL
HG03450	AFR	MSL
HG03451	AFR	MSL
HG03452	AFR	MSL
HG03453	AFR	MSL
HG03454	AFR	MSL
HG03455	AFR	MSL
HG03456	AFR	MSL
HG03457	AFR	MSL
HG03458	AFR	MSL
HG03459	AFR	MSL
HG03460	AFR	MSL
HG03461	AFR	MSL
HG03462	AFR	MSL
HG03464	AFR	MSL
HG03465	AFR	MSL
HG03466	AFR	MSL
HG03468	AFR	MSL
HG03469	AFR	MSL
HG03470	AFR	MSL
HG03471	AFR	MSL
HG03472	AFR	MSL
HG03473	AFR	MSL
HG03474	AFR	MSL
HG03476	AFR	MSL
HG03477	AFR	MSL
HG03478	AFR	MSL
HG03479	AFR	MSL
HG03480	AFR	MSL
HG03484	AFR	MSL
HG03485	AFR	MSL
HG03486	AFR	MSL
HG03487	SAS	PJL
HG03488	SAS	PJL
HG03489	SAS	PJL
HG03490	SAS	PJL
HG03491	SAS	PJL
HG03492	SAS	PJL
HG03493	AFR	ESN
HG03499	AFR	ESN
HG03508	AFR	ESN
HG03510	AFR	ESN
HG03511	AFR	ESN
HG03513	AFR	ESN
HG03514	AFR	ESN
HG03515	AFR	ESN
HG03516	AFR	ESN
HG03517	AFR	ESN
HG03518	AFR	ESN
HG03519	AFR	ESN
HG03520	AFR	ESN
HG03521	AFR	ESN
HG03522	AFR	ESN
HG03538	AFR	GWD
HG03539	AFR	GWD
HG03540	AFR	GWD
HG03547	AFR	MSL
HG03548	AFR	MSL
HG03549	AFR	MSL
HG03556	AFR	MSL
HG03557	AFR	MSL
HG03558	AFR	MSL
HG03559	AFR	MSL
HG03563	AFR	MSL
HG03564	AFR	MSL
HG03565	AFR	MSL
HG03566	AFR	MSL
HG03567	AFR	MSL
HG03569	AFR	MSL
HG03571	AFR	MSL
HG03572	AFR	MSL
HG03574	AFR	MSL
HG03575	AFR	MSL
HG03576	AFR	MSL
HG03577	AFR	MSL
HG03578	AFR	MSL
HG03579	AFR	MSL
HG03582	AFR	MSL
HG03583	AFR	MSL
HG03584	AFR	MSL
HG03585	SAS	BEB
HG03587	SAS	BEB
HG03589	SAS	BEB
HG03590	SAS	BEB
HG03593	SAS	BEB
HG03594	SAS	BEB
HG03595	SAS	BEB
HG03596	SAS	BEB
HG03598	SAS	BEB
HG03599	SAS	BEB
HG03600	SAS	BEB
HG03602	SAS	BEB
HG03603	SAS	BEB
HG03604	SAS	BEB
HG03605	SAS	BEB
HG03606	SAS	BEB
HG03607	SAS	BEB
HG03611	SAS	BEB
HG03615	SAS	BEB
HG03616	SAS	BEB
HG03617	SAS	BEB
HG03618	SAS	PJL
HG03619	SAS	PJL
HG03620	SAS	PJL
HG03621	SAS	PJL
HG03624	SAS	PJL
HG03625	SAS	PJL
HG03626	SAS	PJL
HG03629	SAS	PJL
HG03631	SAS	PJL
HG03633	SAS	PJL
HG03634	SAS	PJL
HG03635	SAS	PJL
HG03636	SAS	PJL
HG03638	SAS	PJL
HG03639	SAS	PJL
HG03640	SAS	PJL
HG03641	SAS	PJL
HG03642	SAS	STU
HG03643	SAS	STU
HG03644	SAS	STU
HG03645	SAS	STU
HG03646	SAS	STU
HG03649	SAS	PJL
HG03650	SAS	PJL
HG03651	SAS	PJL
HG03652	SAS	PJL
HG03653	SAS	PJL
HG03654	SAS	PJL
HG03656	SAS	PJL
HG03657	SAS	PJL
HG03660	SAS	PJL
HG03663	SAS	PJL
HG03667	SAS	PJL
HG03668	SAS	PJL
HG03669	SAS	PJL
HG03672	SAS	STU
HG03673	SAS	STU
HG03679	SAS	STU
HG03680	SAS	STU
HG03681	SAS	STU
HG03682	SAS	STU
HG03683	SAS	STU
HG03684	SAS	STU
HG03685	SAS	STU
HG03686	SAS	STU
HG03687	SAS	STU
HG03688	SAS	STU
HG03689	SAS	STU
HG03690	SAS	STU
HG03691	SAS	STU
HG03692	SAS	STU
HG03693	SAS	STU
HG03694	SAS	STU
HG03695	SAS	STU
HG03696	SAS	STU
HG03697	SAS	STU
HG03698	SAS	STU
HG03699	SAS	PJL
HG03700	SAS	PJL
HG03701	SAS	PJL
HG03702	SAS	PJL
HG03703	SAS	PJL
HG03704	SAS	PJL
HG03705	SAS	PJL
HG03706	SAS	PJL
HG03707	SAS	PJL
HG03708	SAS	PJL
HG03709	SAS	PJL
HG03710	SAS	PJL
HG03711	SAS	STU
HG03713	SAS	ITU
HG03714	SAS	ITU
HG03715	SAS	ITU
HG03716	SAS	ITU
HG03717	SAS	ITU
HG03718	SAS	ITU
HG03719	SAS	ITU
HG03720	SAS	ITU
HG03721	SAS	ITU
HG03722	SAS	ITU
HG03723	SAS	ITU
HG03725	SAS	ITU
HG03727	SAS	ITU
HG03729	SAS	ITU
HG03730	SAS	ITU
HG03731	SAS	ITU
HG03732	SAS	ITU
HG03733	SAS	STU
HG03736	SAS	STU
HG03738	SAS	STU
HG03740	SAS	STU
HG03741	SAS	STU
HG03742	SAS	ITU
HG03743	SAS	STU
HG03744	SAS	STU
HG03745	SAS	STU
HG03746	SAS	STU
HG03750	SAS	STU
HG03752	SAS	STU
HG03753	SAS	STU
HG03754	SAS	STU
HG03755	SAS	STU
HG03756	SAS	STU
HG03757	SAS	STU
HG03760	SAS	STU
HG03761	SAS	PJL
HG03762	SAS	PJL
HG03763	SAS	PJL
HG03765	SAS	PJL
HG03766	SAS	PJL
HG03767	SAS	PJL
HG03769	SAS	PJL
HG03770	SAS	ITU
HG03771	SAS	ITU
HG03772	SAS	ITU
HG03773	SAS	ITU
HG03774	SAS	ITU
HG03775	SAS	ITU
HG03777	SAS	ITU
HG03778	SAS	ITU
HG03779	SAS	ITU
HG03780	SAS	ITU
HG03781	SAS	ITU
HG03782	SAS	ITU
HG03783	SAS	ITU
HG03784	SAS	ITU
HG03785	SAS	ITU
HG03786	SAS	ITU
HG03787	SAS	ITU
HG03788	SAS	ITU
HG03789	SAS	ITU
HG03790	SAS	ITU
HG03792	SAS	ITU
HG03793	SAS	BEB
HG03794	SAS	BEB
HG03795	SAS	BEB
HG03796	SAS	BEB
HG03797	SAS	BEB
HG03798	SAS	BEB
HG03799	SAS	BEB
HG03800	SAS	BEB
HG03801	SAS	BEB
HG03802	SAS	BEB
HG03803	SAS	BEB
HG03804	SAS	BEB
HG03805	SAS	BEB
HG03806	SAS	BEB
HG03807	SAS	BEB
HG03808	SAS	BEB
HG03809	SAS	BEB
HG03811	SAS	BEB
HG03812	SAS	BEB
HG03813	SAS	BEB
HG03814	SAS	BEB
HG03815	SAS	BEB
HG03816	SAS	BEB
HG03817	SAS	BEB
HG03821	SAS	BEB
HG03822	SAS	BEB
HG03823	SAS	BEB
HG03824	SAS	BEB
HG03825	SAS	BEB
HG03826	SAS	BEB
HG03829	SAS	BEB
HG03830	SAS	BEB
HG03831	SAS	BEB
HG03832	SAS	BEB
HG03833	SAS	BEB
HG03834	SAS	BEB
HG03835	SAS	STU
HG03836	SAS	STU
HG03837	SAS	STU
HG03838	SAS	STU
HG03840	SAS	STU
HG03842	SAS	STU
HG03844	SAS	STU
HG03845	SAS	STU
HG03846	SAS	STU
HG03847	SAS	STU
HG03848	SAS	STU
HG03849	SAS	STU
HG03850	SAS	STU
HG03851	SAS	STU
HG03854	SAS	STU
HG03856	SAS	STU
HG03857	SAS	STU
HG03858	SAS	STU
HG03861	SAS	ITU
HG03862	SAS	ITU
HG03863	SAS	ITU
HG03864	SAS	ITU
HG03866	SAS	ITU
HG03867	SAS	ITU
HG03868	SAS	ITU
HG03869	SAS	ITU
HG03870	SAS	ITU
HG03871	SAS	ITU
HG03872	SAS	ITU
HG03873	SAS	ITU
HG03874	SAS	ITU
HG03875	SAS	ITU
HG03876	SAS	ITU
HG03879	SAS	ITU
HG03882	SAS	ITU
HG03884	SAS	STU
HG03885	SAS	STU
HG03886	SAS	STU
HG03887	SAS	STU
HG03888	SAS	STU
HG03890	SAS	STU
HG03894	SAS	STU
HG03895	SAS	STU
HG03896	SAS	STU
HG03897	SAS	STU
HG03898	SAS	STU
HG03899	SAS	STU
HG03900	SAS	STU
HG03901	SAS	BEB
HG03902	SAS	BEB
HG03903	SAS	BEB
HG03904	SAS	BEB
HG03905	SAS	BEB
HG03906	SAS	BEB
HG03907	SAS	BEB
HG03908	SAS	BEB
HG03909	SAS	BEB
HG03910	SAS	BEB
HG03911	SAS	BEB
HG03913	SAS	BEB
HG03914	SAS	BEB
HG03915	SAS	BEB
HG03916	SAS	BEB
HG03917	SAS	BEB
HG03919	SAS	BEB
HG03920	SAS	BEB
HG03922	SAS	BEB
HG03924	SAS	BEB
HG03925	SAS	BEB
HG03926	SAS	BEB
HG03927	SAS	BEB
HG03928	SAS	BEB
HG03929	SAS	BEB
HG03930	SAS	BEB
HG03931	SAS	BEB
HG03934	SAS	BEB
HG03937	SAS	BEB
HG03939	SAS	BEB
HG03940	SAS	BEB
HG03941	SAS	BEB
HG03942	SAS	BEB
HG03943	SAS	STU
HG03944	SAS	STU
HG03945	SAS	STU
HG03947	SAS	STU
HG03948	SAS	STU
HG03949	SAS	STU
HG03950	SAS	STU
HG03951	SAS	STU
HG03953	SAS	STU
HG03955	SAS	STU
HG03960	SAS	ITU
HG03963	SAS	ITU
HG03965	SAS	ITU
HG03967	SAS	ITU
HG03968	SAS	ITU
HG03969	SAS	ITU
HG03971	SAS	ITU
HG03972	SAS	ITU
HG03973	SAS	ITU
HG03974	SAS	ITU
HG03976	SAS	ITU
HG03977	SAS	ITU
HG03978	SAS	ITU
HG03982	SAS	STU
HG03985	SAS	STU
HG03986	SAS	STU
HG03988	SAS	STU
HG03989	SAS	STU
HG03990	SAS	STU
HG03991	SAS	STU
HG03992	SAS	STU
HG03995	SAS	STU
HG03998	SAS	STU
HG03999	SAS	STU
HG04001	SAS	ITU
HG04002	SAS	ITU
HG04003	SAS	STU
HG04006	SAS	STU
HG04014	SAS	ITU
HG04015	SAS	ITU
HG04017	SAS	ITU
HG04018	SAS	ITU
HG04019	SAS	ITU
HG04020	SAS	ITU
HG04022	SAS	ITU
HG04023	SAS	ITU
HG04024	SAS	ITU
HG04025	SAS	ITU
HG04026	SAS	ITU
HG04029	SAS	STU
HG04033	SAS	STU
HG04035	SAS	STU
HG04036	SAS	STU
HG04037	SAS	STU
HG04038	SAS	STU
HG04039	SAS	STU
HG04040	SAS	STU
HG04042	SAS	STU
HG04047	SAS	STU
HG04050	SAS	ITU
HG04053	SAS	ITU
HG04054	SAS	ITU
HG04055	SAS	ITU
HG04056	SAS	ITU
HG04058	SAS	ITU
HG04059	SAS	ITU
HG04060	SAS	ITU
HG04061	SAS	ITU
HG04062	SAS	ITU
HG04063	SAS	ITU
HG04067	SAS	STU
HG04070	SAS	ITU
HG04075	SAS	STU
HG04076	SAS	ITU
HG04080	SAS	ITU
HG04090	SAS	ITU
HG04093	SAS	ITU
HG04094	SAS	ITU
HG04096	SAS	ITU
HG04098	SAS	ITU
HG04099	SAS	STU
HG04100	SAS	STU
HG04106	SAS	STU
HG04107	SAS	STU
HG04114	SAS	STU
HG04115	SAS	STU
HG04118	SAS	ITU
HG04122	SAS	STU
HG04127	SAS	STU
HG04128	SAS	BEB
HG04131	SAS	BEB
HG04132	SAS	BEB
HG04133	SAS	BEB
HG04134	SAS	BEB
HG04135	SAS	BEB
HG04136	SAS	BEB
HG04140	SAS	BEB
HG04141	SAS	BEB
HG04142	SAS	BEB
HG04144	SAS	BEB
HG04146	SAS	BEB
HG04147	SAS	BEB
HG04148	SAS	BEB
HG04149	SAS	BEB
HG04150	SAS	BEB
HG04151	SAS	BEB
HG04152	SAS	BEB
HG04153	SAS	BEB
HG04155	SAS	BEB
HG04156	SAS	BEB
HG04157	SAS	BEB
HG04158	SAS	BEB
HG04159	SAS	BEB
HG04160	SAS	BEB
HG04161	SAS	BEB
HG04162	SAS	BEB
HG04164	SAS	BEB
HG04171	SAS	BEB
HG04173	SAS	BEB
HG04174	SAS	BEB
HG04175	SAS	BEB
HG04176	SAS	BEB
HG04177	SAS	BEB
HG04180	SAS	BEB
HG04181	SAS	BEB
HG04182	SAS	BEB
HG04183	SAS	BEB
HG04184	SAS	BEB
HG04185	SAS	BEB
HG04186	SAS	BEB
HG04187	SAS	BEB
HG04188	SAS	BEB
HG04189	SAS	BEB
HG04191	SAS	BEB
HG04192	SAS	BEB
HG04193	SAS	BEB
HG04194	SAS	BEB
HG04195	SAS	BEB
HG04197	SAS	STU
HG04198	SAS	ITU
HG04199	SAS	STU
HG04200	SAS	ITU
HG04202	SAS	ITU
HG04204	SAS	STU
HG04206	SAS	ITU
HG04208	SAS	STU
HG04209	SAS	ITU
HG04210	SAS	STU
HG04211	SAS	ITU
HG04212	SAS	ITU
HG04214	SAS	ITU
HG04215	SAS	STU
HG04216	SAS	ITU
HG04217	SAS	ITU
HG04219	SAS	ITU
HG04222	SAS	ITU
HG04225	SAS	ITU
HG04227	SAS	STU
HG04228	SAS	STU
HG04229	SAS	STU
HG04235	SAS	ITU
HG04238	SAS	ITU
HG04239	SAS	ITU
HG04301	EUR	GBR
HG04302	EUR	GBR
HG04303	EUR	GBR
NA06984	EUR	CEU
NA06985	EUR	CEU
NA06986	EUR	CEU
NA06989	EUR	CEU
NA06991	EUR	CEU
NA06993	EUR	CEU
NA06994	EUR	CEU
NA06995	EUR	CEU
NA06997	EUR	CEU
NA07000	EUR	CEU
NA07014	EUR	CEU
NA07019	EUR	CEU
NA07022	EUR	CEU
NA07029	EUR	CEU
NA07031	EUR	CEU
NA07034	EUR	CEU
NA07037	EUR	CEU
NA07045	EUR	CEU
NA07048	EUR	CEU
NA07051	EUR	CEU
NA07055	EUR	CEU
NA07056	EUR	CEU
NA07340	EUR	CEU
NA07345	EUR	CEU
NA07346	EUR	CEU
NA07347	EUR	CEU
NA07348	EUR	CEU
NA07349	EUR	CEU
NA07357	EUR	CEU
NA07435	EUR	CEU
NA10830	EUR	CEU
NA10831	EUR	CEU
NA10835	EUR	CEU
NA10836	EUR	CEU
NA10837	EUR	CEU
NA10838	EUR	CEU
NA10839	EUR	CEU
NA10840	EUR	CEU
NA10842	EUR	CEU
NA10843	EUR	CEU
NA10845	EUR	CEU
NA10846	EUR	CEU
NA10847	EUR	CEU
NA10850	EUR	CEU
NA10851	EUR	CEU
NA10852	EUR	CEU
NA10853	EUR	CEU
NA10854	EUR	CEU
NA10855	EUR	CEU
NA10856	EUR	CEU
NA10857	EUR	CEU
NA10859	EUR	CEU
NA10860	EUR	CEU
NA10861	EUR	CEU
NA10863	EUR	CEU
NA10864	EUR	CEU
NA10865	EUR	CEU
NA11829	EUR	CEU
NA11830	EUR	CEU
NA11831	EUR	CEU
NA11832	EUR	CEU
NA11839	EUR	CEU
NA11840	EUR	CEU
NA11843	EUR	CEU
NA11881	EUR	CEU
NA11882	EUR	CEU
NA11891	EUR	CEU
NA11892	EUR	CEU
NA11893	EUR	CEU
NA11894	EUR	CEU
NA11917	EUR	CEU
NA11918	EUR	CEU
NA11919	EUR	CEU
NA11920	EUR	CEU
NA11930	EUR	CEU
NA11931	EUR	CEU
NA11932	EUR	CEU
NA11933	EUR	CEU
NA11992	EUR	CEU
NA11993	EUR	CEU
NA11994	EUR	CEU
NA11995	EUR	CEU
NA12003	EUR	CEU
NA12004	EUR	CEU
NA12005	EUR	CEU
NA12006	EUR	CEU
NA12043	EUR	CEU
NA12044	EUR	CEU
NA12045	EUR	CEU
NA12046	EUR	CEU
NA12056	EUR	CEU
NA12057	EUR	CEU
NA12058	EUR	CEU
NA12144	EUR	CEU
NA12145	EUR	CEU
NA12146	EUR	CEU
NA12154	EUR	CEU
NA12155	EUR	CEU
NA12156	EUR	CEU
NA12234	EUR	CEU
NA12239	EUR	CEU
NA12248	EUR	CEU
NA12249	EUR	CEU
NA12264	EUR	CEU
NA12272	EUR	CEU
NA12273	EUR	CEU
NA12274	EUR	CEU
NA12275	EUR	CEU
NA12282	EUR	CEU
NA12283	EUR	CEU
NA12286	EUR	CEU
NA12287	EUR	CEU
NA12329	EUR	CEU
NA12335	EUR	CEU
NA12336	EUR	CEU
NA12340	EUR	CEU
NA12341	EUR	CEU
NA12342	EUR	CEU
NA12343	EUR	CEU
NA12344	EUR	CEU
NA12347	EUR	CEU
NA12348	EUR	CEU
NA12375	EUR	CEU
NA12376	EUR	CEU
NA12383	EUR	CEU
NA12386	EUR	CEU
NA12399	EUR	CEU
NA12400	EUR	CEU
NA12413	EUR	CEU
NA12414	EUR	CEU
NA12485	EUR	CEU
NA12489	EUR	CEU
NA12546	EUR	CEU
NA12707	EUR	CEU
NA12708	EUR	CEU
NA12716	EUR	CEU
NA12717	EUR	CEU
NA12718	EUR	CEU
NA12739	EUR	CEU
NA12740	EUR	CEU
NA12748	EUR	CEU
NA12749	EUR	CEU
NA12750	EUR	CEU
NA12751	EUR	CEU
NA12752	EUR	CEU
NA12753	EUR	CEU
NA12760	EUR	CEU
NA12761	EUR	CEU
NA12762	EUR	CEU
NA12763	EUR	CEU
NA12766	EUR	CEU
NA12767	EUR	CEU
NA12775	EUR	CEU
NA12776	EUR	CEU
NA12777	EUR	CEU
NA12778	EUR	CEU
NA12801	EUR	CEU
NA12802	EUR	CEU
NA12812	EUR	CEU
NA12813	EUR	CEU
NA12814	EUR	CEU
NA12815	EUR	CEU
NA12817	EUR	CEU
NA12818	EUR	CEU
NA12827	EUR	CEU
NA12828	EUR	CEU
NA12829	EUR	CEU
NA12830	EUR	CEU
NA12832	EUR	CEU
NA12842	EUR	CEU
NA12843	EUR	CEU
NA12864	EUR	CEU
NA12865	EUR	CEU
NA12872	EUR	CEU
NA12873	EUR	CEU
NA12874	EUR	CEU
NA12875	EUR	CEU
NA12877	EUR	CEU
NA12878	EUR	CEU
NA12889	EUR	CEU
NA12890	EUR	CEU
NA12891	EUR	CEU
NA12892	EUR	CEU
NA18484	AFR	YRI
NA18485	AFR	YRI
NA18486	AFR	YRI
NA18487	AFR	YRI
NA18488	AFR	YRI
NA18489	AFR	YRI
NA18497	AFR	YRI
NA18498	AFR	YRI
NA18499	AFR	YRI
NA18500	AFR	YRI
NA18501	AFR	YRI
NA18502	AFR	YRI
NA18503	AFR	YRI
NA18504	AFR	YRI
NA18505	AFR	YRI
NA18506	AFR	YRI
NA18507	AFR	YRI
NA18508	AFR	YRI
NA18509	AFR	YRI
NA18510	AFR	YRI
NA18511	AFR	YRI
NA18515	AFR	YRI
NA18516	AFR	YRI
NA18517	AFR	YRI
NA18518	AFR	YRI
NA18519	AFR	YRI
NA18520	AFR	YRI
NA18521	AFR	YRI
NA18522	AFR	YRI
NA18523	AFR	YRI
NA18525	EAS	CHB
NA18526	EAS	CHB
NA18527	EAS	CHB
NA18528	EAS	CHB
NA18530	EAS	CHB
NA18531	EAS	CHB
NA18532	EAS	CHB
NA18533	EAS	CHB
NA18534	EAS	CHB
NA18535	EAS	CHB
NA18536	EAS	CHB
NA18537	EAS	CHB
NA18538	EAS	CHB
NA18539	EAS	CHB
NA18541	EAS	CHB
NA18542	EAS	CHB
NA18543	EAS	CHB
NA18544	EAS	CHB
NA18545	EAS	CHB
NA18546	EAS	CHB
NA18547	EAS	CHB
NA18548	EAS	CHB
NA18549	EAS	CHB
NA18550	EAS	CHB
NA18552	EAS	CHB
NA18553	EAS	CHB
NA18555	EAS	CHB
NA18557	EAS	CHB
NA18558	EAS	CHB
NA18559	EAS	CHB
NA18560	EAS	CHB
NA18561	EAS	CHB
NA18562	EAS	CHB
NA18563	EAS	CHB
NA18564	EAS	CHB
NA18565	EAS	CHB
NA18566	EAS	CHB
NA18567	EAS	CHB
NA18570	EAS	CHB
NA18571	EAS	CHB
NA18572	EAS	CHB
NA18573	EAS	CHB
NA18574	EAS	CHB
NA18576	EAS	CHB
NA18577	EAS	CHB
NA18579	EAS	CHB
NA18582	EAS	CHB
NA18591	EAS	CHB
NA18592	EAS	CHB
NA18593	EAS	CHB
NA18595	EAS	CHB
NA18596	EAS	CHB
NA18597	EAS	CHB
NA18599	EAS	CHB
NA18602	EAS	CHB
NA18603	EAS	CHB
NA18605	EAS	CHB
NA18606	EAS	CHB
NA18608	EAS	CHB
NA18609	EAS	CHB
NA18610	EAS	CHB
NA18611	EAS	CHB
NA18612	EAS	CHB
NA18613	EAS	CHB
NA18614	EAS	CHB
NA18615	EAS	CHB
NA18616	EAS	CHB
NA18617	EAS	CHB
NA18618	EAS	CHB
NA18619	EAS	CHB
NA18620	EAS	CHB
NA18621	EAS	CHB
NA18622	EAS	CHB
NA18623	EAS	CHB
NA18624	EAS	CHB
NA18625	EAS	CHB
NA18626	EAS	CHB
NA18627	EAS	CHB
NA18628	EAS	CHB
NA18629	EAS	CHB
NA18630	EAS	CHB
NA18631	EAS	CHB
NA18632	EAS	CHB
NA18633	EAS	CHB
NA18634	EAS	CHB
NA18635	EAS	CHB
NA18636	EAS	CHB
NA18637	EAS	CHB
NA18638	EAS	CHB
NA18639	EAS	CHB
NA18640	EAS	CHB
NA18641	EAS	CHB
NA18642	EAS	CHB
NA18643	EAS	CHB
NA18644	EAS	CHB
NA18645	EAS	CHB
NA18646	EAS	CHB
NA18647	EAS	CHB
NA18648	EAS	CHB
NA18740	EAS	CHB
NA18745	EAS	CHB
NA18747	EAS	CHB
NA18748	EAS	CHB
NA18749	EAS	CHB
NA18757	EAS	CHB
NA18791	EAS	CHB
NA18794	EAS	CHB
NA18795	EAS	CHB
NA18852	AFR	YRI
NA18853	AFR	YRI
NA18854	AFR	YRI
NA18855	AFR	YRI
NA18856	AFR	YRI
NA18857	AFR	YRI
NA18858	AFR	YRI
NA18859	AFR	YRI
NA18860	AFR	YRI
NA18861	AFR	YRI
NA18862	AFR	YRI
NA18863	AFR	YRI
NA18864	AFR	YRI
NA18865	AFR	YRI
NA18867	AFR	YRI
NA18868	AFR	YRI
NA18869	AFR	YRI
NA18870	AFR	YRI
NA18871	AFR	YRI
NA18872	AFR	YRI
NA18873	AFR	YRI
NA18874	AFR	YRI
NA18875	AFR	YRI
NA18876	AFR	YRI
NA18877	AFR	YRI
NA18878	AFR	YRI
NA18879	AFR	YRI
NA18881	AFR	YRI
NA18906	AFR	YRI
NA18907	AFR	YRI
NA18908	AFR	YRI
NA18909	AFR	YRI
NA18910	AFR	YRI
NA18911	AFR	YRI
NA18912	AFR	YRI
NA18913	AFR	YRI
NA18914	AFR	YRI
NA18915	AFR	YRI
NA18916	AFR	YRI
NA18917	AFR	YRI
NA18923	AFR	YRI
NA18924	AFR	YRI
NA18925	AFR	YRI
NA18930	AFR	YRI
NA18933	AFR	YRI
NA18934	AFR	YRI
NA18935	AFR	YRI
NA18939	EAS	JPT
NA18940	EAS	JPT
NA18941	EAS	JPT
NA18942	EAS	JPT
NA18943	EAS	JPT
NA18944	EAS	JPT
NA18945	EAS	JPT
NA18946	EAS	JPT
NA18947	EAS	JPT
NA18948	EAS	JPT
NA18949	EAS	JPT
NA18950	EAS	JPT
NA18951	EAS	JPT
NA18952	EAS	JPT
NA18953	EAS	JPT
NA18954	EAS	JPT
NA18955	EAS	JPT
NA18956	EAS	JPT
NA18957	EAS	JPT
NA18959	EAS	JPT
NA18960	EAS	JPT
NA18961	EAS	JPT
NA18962	EAS	JPT
NA18963	EAS	JPT
NA18964	EAS	JPT
NA18965	EAS	JPT
NA18966	EAS	JPT
NA18967	EAS	JPT
NA18968	EAS	JPT
NA18969	EAS	JPT
NA18970	EAS	JPT
NA18971	EAS	JPT
NA18972	EAS	JPT
NA18973	EAS	JPT
NA18974	EAS	JPT
NA18975	EAS	JPT
NA18976	EAS	JPT
NA18977	EAS	JPT
NA18978	EAS	JPT
NA18979	EAS	JPT
NA18980	EAS	JPT
NA18981	EAS	JPT
NA18982	EAS	JPT
NA18983	EAS	JPT
NA18984	EAS	JPT
NA18985	EAS	JPT
NA18986	EAS	JPT
NA18987	EAS	JPT
NA18988	EAS	JPT
NA18989	EAS	JPT
NA18990	EAS	JPT
NA18991	EAS	JPT
NA18992	EAS	JPT
NA18993	EAS	JPT
NA18994	EAS	JPT
NA18995	EAS	JPT
NA18997	EAS	JPT
NA18998	EAS	JPT
NA18999	EAS	JPT
NA19000	EAS	JPT
NA19001	EAS	JPT
NA19002	EAS	JPT
NA19003	EAS	JPT
NA19004	EAS	JPT
NA19005	EAS	JPT
NA19006	EAS	JPT
NA19007	EAS	JPT
NA19009	EAS	JPT
NA19010	EAS	JPT
NA19011	EAS	JPT
NA19012	EAS	JPT
NA19017	AFR	LWK
NA19019	AFR	LWK
NA19020	AFR	LWK
NA19023	AFR	LWK
NA19024	AFR	LWK
NA19025	AFR	LWK
NA19026	AFR	LWK
NA19027	AFR	LWK
NA19028	AFR	LWK
NA19030	AFR	LWK
NA19031	AFR	LWK
NA19035	AFR	LWK
NA19036	AFR	LWK
NA19037	AFR	LWK
NA19038	AFR	LWK
NA19041	AFR	LWK
NA19042	AFR	LWK
NA19043	AFR	LWK
NA19044	AFR	LWK
NA19046	AFR	LWK
NA19054	EAS	JPT
NA19055	EAS	JPT
NA19056	EAS	JPT
NA19057	EAS	JPT
NA19058	EAS	JPT
NA19059	EAS	JPT
NA19060	EAS	JPT
NA19062	EAS	JPT
NA19063	EAS	JPT
NA19064	EAS	JPT
NA19065	EAS	JPT
NA19066	EAS	JPT
NA19067	EAS	JPT
NA19068	EAS	JPT
NA19070	EAS	JPT
NA19072	EAS	JPT
NA19074	EAS	JPT
NA19075	EAS	JPT
NA19076	EAS	JPT
NA19077	EAS	JPT
NA19078	EAS	JPT
NA19079	EAS	JPT
NA19080	EAS	JPT
NA19081	EAS	JPT
NA19082	EAS	JPT
NA19083	EAS	JPT
NA19084	EAS	JPT
NA19085	EAS	JPT
NA19086	EAS	JPT
NA19087	EAS	JPT
NA19088	EAS	JPT
NA19089	EAS	JPT
NA19090	EAS	JPT
NA19091	EAS	JPT
NA19092	AFR	YRI
NA19093	AFR	YRI
NA19094	AFR	YRI
NA19095	AFR	YRI
NA19096	AFR	YRI
NA19097	AFR	YRI
NA19098	AFR	YRI
NA19099	AFR	YRI
NA19100	AFR	YRI
NA19101	AFR	YRI
NA19102	AFR	YRI
NA19103	AFR	YRI
NA19104	AFR	YRI
NA19105	AFR	YRI
NA19107	AFR	YRI
NA19108	AFR	YRI
NA19109	AFR	YRI
NA19113	AFR	YRI
NA19114	AFR	YRI
NA19115	AFR	YRI
NA19116	AFR	YRI
NA19117	AFR	YRI
NA19118	AFR	YRI
NA19119	AFR	YRI
NA19120	AFR	YRI
NA19121	AFR	YRI
NA19122	AFR	YRI
NA19123	AFR	YRI
NA19127	AFR	YRI
NA19128	AFR	YRI
NA19129	AFR	YRI
NA19130	AFR	YRI
NA19131	AFR	YRI
NA19132	AFR	YRI
NA19137	AFR	YRI
NA19138	AFR	YRI
NA19139	AFR	YRI
NA19140	AFR	YRI
NA19141	AFR	YRI
NA19142	AFR	YRI
NA19143	AFR	YRI
NA19144	AFR	YRI
NA19145	AFR	YRI
NA19146	AFR	YRI
NA19147	AFR	YRI
NA19148	AFR	YRI
NA19149	AFR	YRI
NA19150	AFR	YRI
NA19151	AFR	YRI
NA19152	AFR	YRI
NA19153	AFR	YRI
NA19154	AFR	YRI
NA19159	AFR	YRI
NA19160	AFR	YRI
NA19161	AFR	YRI
NA19166	AFR	YRI
NA19171	AFR	YRI
NA19172	AFR	YRI
NA19173	AFR	YRI
NA19174	AFR	YRI
NA19175	AFR	YRI
NA19176	AFR	YRI
NA19177	AFR	YRI
NA19184	AFR	YRI
NA19185	AFR	YRI
NA19186	AFR	YRI
NA19189	AFR	YRI
NA19190	AFR	YRI
NA19191	AFR	YRI
NA19195	AFR	YRI
NA19196	AFR	YRI
NA19197	AFR	YRI
NA19198	AFR	YRI
NA19199	AFR	YRI
NA19200	AFR	YRI
NA19201	AFR	YRI
NA19202	AFR	YRI
NA19203	AFR	YRI
NA19204	AFR	YRI
NA19205	AFR	YRI
NA19206	AFR	YRI
NA19207	AFR	YRI
NA19208	AFR	YRI
NA19209	AFR	YRI
NA19210	AFR	YRI
NA19211	AFR	YRI
NA19213	AFR	YRI
NA19214	AFR	YRI
NA19215	AFR	YRI
NA19221	AFR	YRI
NA19222	AFR	YRI
NA19223	AFR	YRI
NA19224	AFR	YRI
NA19225	AFR	YRI
NA19226	AFR	YRI
NA19235	AFR	YRI
NA19236	AFR	YRI
NA19237	AFR	YRI
NA19238	AFR	YRI
NA19239	AFR	YRI
NA19240	AFR	YRI
NA19247	AFR	YRI
NA19248	AFR	YRI
NA19249	AFR	YRI
NA19252	AFR	YRI
NA19254	AFR	YRI
NA19256	AFR	YRI
NA19257	AFR	YRI
NA19258	AFR	YRI
NA19307	AFR	LWK
NA19308	AFR	LWK
NA19309	AFR	LWK
NA19310	AFR	LWK
NA19311	AFR	LWK
NA19312	AFR	LWK
NA19313	AFR	LWK
NA19314	AFR	LWK
NA19315	AFR	LWK
NA19316	AFR	LWK
NA19317	AFR	LWK
NA19318	AFR	LWK
NA19319	AFR	LWK
NA19320	AFR	LWK
NA19321	AFR	LWK
NA19323	AFR	LWK
NA19324	AFR	LWK
NA19327	AFR	LWK
NA19328	AFR	LWK
NA19331	AFR	LWK
NA19332	AFR	LWK
NA19334	AFR	LWK
NA19338	AFR	LWK
NA19346	AFR	LWK
NA19347	AFR	LWK
NA19350	AFR	LWK
NA19351	AFR	LWK
NA19352	AFR	LWK
NA19355	AFR	LWK
NA19359	AFR	LWK
NA19360	AFR	LWK
NA19371	AFR	LWK
NA19372	AFR	LWK
NA19373	AFR	LWK
NA19374	AFR	LWK
NA19375	AFR	LWK
NA19376	AFR	LWK
NA19377	AFR	LWK
NA19378	AFR	LWK
NA19379	AFR	LWK
NA19380	AFR	LWK
NA19381	AFR	LWK
NA19382	AFR	LWK
NA19383	AFR	LWK
NA19384	AFR	LWK
NA19385	AFR	LWK
NA19390	AFR	LWK
NA19391	AFR	LWK
NA19393	AFR	LWK
NA19394	AFR	LWK
NA19395	AFR	LWK
NA19396	AFR	LWK
NA19397	AFR	LWK
NA19398	AFR	LWK
NA19399	AFR	LWK
NA19401	AFR	LWK
NA19403	AFR	LWK
NA19404	AFR	LWK
NA19428	AFR	LWK
NA19429	AFR	LWK
NA19430	AFR	LWK
NA19431	AFR	LWK
NA19432	AFR	LWK
NA19434	AFR	LWK
NA19435	AFR	LWK
NA19436	AFR	LWK
NA19437	AFR	LWK
NA19438	AFR	LWK
NA19439	AFR	LWK
NA19440	AFR	LWK
NA19443	AFR	LWK
NA19444	AFR	LWK
NA19445	AFR	LWK
NA19446	AFR	LWK
NA19448	AFR	LWK
NA19449	AFR	LWK
NA19451	AFR	LWK
NA19452	AFR	LWK
NA19453	AFR	LWK
NA19454	AFR	LWK
NA19455	AFR	LWK
NA19456	AFR	LWK
NA19457	AFR	LWK
NA19461	AFR	LWK
NA19462	AFR	LWK
NA19463	AFR	LWK
NA19466	AFR	LWK
NA19467	AFR	LWK
NA19468	AFR	LWK
NA19469	AFR	LWK
NA19470	AFR	LWK
NA19471	AFR	LWK
NA19472	AFR	LWK
NA19473	AFR	LWK
NA19474	AFR	LWK
NA19475	AFR	LWK
NA19625	AFR	ASW
NA19648	AMR	MXL
NA19649	AMR	MXL
NA19650	AMR	MXL
NA19651	AMR	MXL
NA19652	AMR	MXL
NA19653	AMR	MXL
NA19654	AMR	MXL
NA19655	AMR	MXL
NA19656	AMR	MXL
NA19657	AMR	MXL
NA19658	AMR	MXL
NA19659	AMR	MXL
NA19660	AMR	MXL
NA19661	AMR	MXL
NA19662	AMR	MXL
NA19663	AMR	MXL
NA19664	AMR	MXL
NA19665	AMR	MXL
NA19669	AMR	MXL
NA19670	AMR	MXL
NA19671	AMR	MXL
NA19672	AMR	MXL
NA19674	AMR	MXL
NA19675	AMR	MXL
NA19676	AMR	MXL
NA19677	AMR	MXL
NA19678	AMR	MXL
NA19679	AMR	MXL
NA19680	AMR	MXL
NA19681	AMR	MXL
NA19682	AMR	MXL
NA19683	AMR	MXL
NA19684	AMR	MXL
NA19685	AMR	MXL
NA19686	AMR	MXL
NA19700	AFR	ASW
NA19701	AFR	ASW
NA19702	AFR	ASW
NA19703	AFR	ASW
NA19704	AFR	ASW
NA19705	AFR	ASW
NA19707	AFR	ASW
NA19708	AFR	ASW
NA19711	AFR	ASW
NA19712	AFR	ASW
NA19713	AFR	ASW
NA19714	AFR	ASW
NA19716	AMR	MXL
NA19717	AMR	MXL
NA19718	AMR	MXL
NA19719	AMR	MXL
NA19720	AMR	MXL
NA19721	AMR	MXL
NA19722	AMR	MXL
NA19723	AMR	MXL
NA19724	AMR	MXL
NA19725	AMR	MXL
NA19726	AMR	MXL
NA19727	AMR	MXL
NA19728	AMR	MXL
NA19729	AMR	MXL
NA19730	AMR	MXL
NA19731	AMR	MXL
NA19732	AMR	MXL
NA19733	AMR	MXL
NA19734	AMR	MXL
NA19735	AMR	MXL
NA19737	AMR	MXL
NA19738	AMR	MXL
NA19740	AMR	MXL
NA19741	AMR	MXL
NA19742	AMR	MXL
NA19746	AMR	MXL
NA19747	AMR	MXL
NA19748	AMR	MXL
NA19749	AMR	MXL
NA19750	AMR	MXL
NA19751	AMR	MXL
NA19752	AMR	MXL
NA19753	AMR	MXL
NA19754	AMR	MXL
NA19755	AMR	MXL
NA19756	AMR	MXL
NA19757	AMR	MXL
NA19758	AMR	MXL
NA19759	AMR	MXL
NA19760	AMR	MXL
NA19761	AMR	MXL
NA19762	AMR	MXL
NA19763	AMR	MXL
NA19764	AMR	MXL
NA19766	AMR	MXL
NA19770	AMR	MXL
NA19771	AMR	MXL
NA19772	AMR	MXL
NA19773	AMR	MXL
NA19774	AMR	MXL
NA19775	AMR	MXL
NA19776	AMR	MXL
NA19777	AMR	MXL
NA19778	AMR	MXL
NA19779	AMR	MXL
NA19780	AMR	MXL
NA19781	AMR	MXL
NA19782	AMR	MXL
NA19783	AMR	MXL
NA19784	AMR	MXL
NA19785	AMR	MXL
NA19786	AMR	MXL
NA19787	AMR	MXL
NA19788	AMR	MXL
NA19789	AMR	MXL
NA19790	AMR	MXL
NA19792	AMR	MXL
NA19794	AMR	MXL
NA19795	AMR	MXL
NA19796	AMR	MXL
NA19797	AMR	MXL
NA19798	AMR	MXL
NA19818	AFR	ASW
NA19819	AFR	ASW
NA19828	AFR	ASW
NA19834	AFR	ASW
NA19835	AFR	ASW
NA19836	AFR	ASW
NA19900	AFR	ASW
NA19901	AFR	ASW
NA19902	AFR	ASW
NA19904	AFR	ASW
NA19905	AFR	ASW
NA19908	AFR	ASW
NA19909	AFR	ASW
NA19913	AFR	ASW
NA19914	AFR	ASW
NA19915	AFR	ASW
NA19916	AFR	ASW
NA19917	AFR	ASW
NA19918	AFR	ASW
NA19919	AFR	ASW
NA19920	AFR	ASW
NA19921	AFR	ASW
NA19922	AFR	ASW
NA19923	AFR	ASW
NA19924	AFR	ASW
NA19982	AFR	ASW
NA19983	AFR	ASW
NA19984	AFR	ASW
NA19985	AFR	ASW
NA20126	AFR	ASW
NA20127	AFR	ASW
NA20128	AFR	ASW
NA20129	AFR	ASW
NA20274	AFR	ASW
NA20276	AFR	ASW
NA20277	AFR	ASW
NA20278	AFR	ASW
NA20279	AFR	ASW
NA20281	AFR	ASW
NA20282	AFR	ASW
NA20284	AFR	ASW
NA20285	AFR	ASW
NA20287	AFR	ASW
NA20288	AFR	ASW
NA20289	AFR	ASW
NA20290	AFR	ASW
NA20291	AFR	ASW
NA20292	AFR	ASW
NA20294	AFR	ASW
NA20295	AFR	ASW
NA20296	AFR	ASW
NA20297	AFR	ASW
NA20298	AFR	ASW
NA20299	AFR	ASW
NA20300	AFR	ASW
NA20301	AFR	ASW
NA20302	AFR	ASW
NA20312	AFR	ASW
NA20313	AFR	ASW
NA20314	AFR	ASW
NA20316	AFR	ASW
NA20317	AFR	ASW
NA20318	AFR	ASW
NA20319	AFR	ASW
NA20320	AFR	ASW
NA20321	AFR	ASW
NA20322	AFR	ASW
NA20332	AFR	ASW
NA20333	AFR	ASW
NA20334	AFR	ASW
NA20335	AFR	ASW
NA20336	AFR	ASW
NA20337	AFR	ASW
NA20339	AFR	ASW
NA20340	AFR	ASW
NA20341	AFR	ASW
NA20342	AFR	ASW
NA20343	AFR	ASW
NA20344	AFR	ASW
NA20345	AFR	ASW
NA20346	AFR	ASW
NA20347	AFR	ASW
NA20348	AFR	ASW
NA20349	AFR	ASW
NA20350	AFR	ASW
NA20351	AFR	ASW
NA20355	AFR	ASW
NA20356	AFR	ASW
NA20357	AFR	ASW
NA20358	AFR	ASW
NA20359	AFR	ASW
NA20360	AFR	ASW
NA20361	AFR	ASW
NA20362	AFR	ASW
NA20363	AFR	ASW
NA20364	AFR	ASW
NA20412	AFR	ASW
NA20413	AFR	ASW
NA20414	AFR	ASW
NA20502	EUR	TSI
NA20503	EUR	TSI
NA20504	EUR	TSI
NA20505	EUR	TSI
NA20506	EUR	TSI
NA20507	EUR	TSI
NA20508	EUR	TSI
NA20509	EUR	TSI
NA20510	EUR	TSI
NA20511	EUR	TSI
NA20512	EUR	TSI
NA20513	EUR	TSI
NA20514	EUR	TSI
NA20515	EUR	TSI
NA20516	EUR	TSI
NA20517	EUR	TSI
NA20518	EUR	TSI
NA20519	EUR	TSI
NA20520	EUR	TSI
NA20521	EUR	TSI
NA20522	EUR	TSI
NA20524	EUR	TSI
NA20525	EUR	TSI
NA20526	EUR	TSI
NA20527	EUR	TSI
NA20528	EUR	TSI
NA20529	EUR	TSI
NA20530	EUR	TSI
NA20531	EUR	TSI
NA20532	EUR	TSI
NA20533	EUR	TSI
NA20534	EUR	TSI
NA20535	EUR	TSI
NA20536	EUR	TSI
NA20537	EUR	TSI
NA20538	EUR	TSI
NA20539	EUR	TSI
NA20540	EUR	TSI
NA20541	EUR	TSI
NA20542	EUR	TSI
NA20543	EUR	TSI
NA20544	EUR	TSI
NA20581	EUR	TSI
NA20582	EUR	TSI
NA20585	EUR	TSI
NA20586	EUR	TSI
NA20587	EUR	TSI
NA20588	EUR	TSI
NA20589	EUR	TSI
NA20752	EUR	TSI
NA20753	EUR	TSI
NA20754	EUR	TSI
NA20755	EUR	TSI
NA20756	EUR	TSI
NA20757	EUR	TSI
NA20758	EUR	TSI
NA20759	EUR	TSI
NA20760	EUR	TSI
NA20761	EUR	TSI
NA20762	EUR	TSI
NA20763	EUR	TSI
NA20764	EUR	TSI
NA20765	EUR	TSI
NA20766	EUR	TSI
NA20767	EUR	TSI
NA20768	EUR	TSI
NA20769	EUR	TSI
NA20770	EUR	TSI
NA20771	EUR	TSI
NA20772	EUR	TSI
NA20773	EUR	TSI
NA20774	EUR	TSI
NA20775	EUR	TSI
NA20778	EUR	TSI
NA20783	EUR	TSI
NA20785	EUR	TSI
NA20786	EUR	TSI
NA20787	EUR	TSI
NA20790	EUR	TSI
NA20792	EUR	TSI
NA20795	EUR	TSI
NA20796	EUR	TSI
NA20797	EUR	TSI
NA20798	EUR	TSI
NA20799	EUR	TSI
NA20800	EUR	TSI
NA20801	EUR	TSI
NA20802	EUR	TSI
NA20803	EUR	TSI
NA20804	EUR	TSI
NA20805	EUR	TSI
NA20806	EUR	TSI
NA20807	EUR	TSI
NA20808	EUR	TSI
NA20809	EUR	TSI
NA20810	EUR	TSI
NA20811	EUR	TSI
NA20812	EUR	TSI
NA20813	EUR	TSI
NA20814	EUR	TSI
NA20815	EUR	TSI
NA20816	EUR	TSI
NA20818	EUR	TSI
NA20819	EUR	TSI
NA20821	EUR	TSI
NA20822	EUR	TSI
NA20826	EUR	TSI
NA20827	EUR	TSI
NA20828	EUR	TSI
NA20829	EUR	TSI
NA20831	EUR	TSI
NA20832	EUR	TSI
NA20845	SAS	GIH
NA20846	SAS	GIH
NA20847	SAS	GIH
NA20849	SAS	GIH
NA20850	SAS	GIH
NA20851	SAS	GIH
NA20852	SAS	GIH
NA20853	SAS	GIH
NA20854	SAS	GIH
NA20856	SAS	GIH
NA20858	SAS	GIH
NA20859	SAS	GIH
NA20861	SAS	GIH
NA20862	SAS	GIH
NA20863	SAS	GIH
NA20864	SAS	GIH
NA20866	SAS	GIH
NA20867	SAS	GIH
NA20868	SAS	GIH
NA20869	SAS	GIH
NA20870	SAS	GIH
NA20871	SAS	GIH
NA20872	SAS	GIH
NA20873	SAS	GIH
NA20874	SAS	GIH
NA20875	SAS	GIH
NA20876	SAS	GIH
NA20877	SAS	GIH
NA20878	SAS	GIH
NA20879	SAS	GIH
NA20881	SAS	GIH
NA20882	SAS	GIH
NA20883	SAS	GIH
NA20884	SAS	GIH
NA20885	SAS	GIH
NA20886	SAS	GIH
NA20887	SAS	GIH
NA20888	SAS	GIH
NA20889	SAS	GIH
NA20890	SAS	GIH
NA20891	SAS	GIH
NA20892	SAS	GIH
NA20893	SAS	GIH
NA20894	SAS	GIH
NA20895	SAS	GIH
NA20896	SAS	GIH
NA20897	SAS	GIH
NA20898	SAS	GIH
NA20899	SAS	GIH
NA20900	SAS	GIH
NA20901	SAS	GIH
NA20902	SAS	GIH
NA20903	SAS	GIH
NA20904	SAS	GIH
NA20905	SAS	GIH
NA20906	SAS	GIH
NA20907	SAS	GIH
NA20908	SAS	GIH
NA20909	SAS	GIH
NA20910	SAS	GIH
NA20911	SAS	GIH
NA21086	SAS	GIH
NA21087	SAS	GIH
NA21088	SAS	GIH
NA21089	SAS	GIH
NA21090	SAS	GIH
NA21091	SAS	GIH
NA21092	SAS	GIH
NA21093	SAS	GIH
NA21094	SAS	GIH
NA21095	SAS	GIH
NA21097	SAS	GIH
NA21098	SAS	GIH
NA21099	SAS	GIH
NA21100	SAS	GIH
NA21101	SAS	GIH
NA21102	SAS	GIH
NA21103	SAS	GIH
NA21104	SAS	GIH
NA21105	SAS	GIH
NA21106	SAS	GIH
NA21107	SAS	GIH
NA21108	SAS	GIH
NA21109	SAS	GIH
NA21110	SAS	GIH
NA21111	SAS	GIH
NA21112	SAS	GIH
NA21113	SAS	GIH
NA21114	SAS	GIH
NA21115	SAS	GIH
NA21116	SAS	GIH
NA21117	SAS	GIH
NA21118	SAS	GIH
NA21119	SAS	GIH
NA21120	SAS	GIH
NA21121	SAS	GIH
NA21122	SAS	GIH
NA21123	SAS	GIH
NA21124	SAS	GIH
NA21125	SAS	GIH
NA21126	SAS	GIH
NA21127	SAS	GIH
NA21128	SAS	GIH
NA21129	SAS	GIH
NA21130	SAS	GIH
NA21133	SAS	GIH
NA21134	SAS	GIH
NA21135	SAS	GIH
NA21137	SAS	GIH
NA21141	SAS	GIH
NA21142	SAS	GIH
NA21143	SAS	GIH
NA21144	SAS	GIH
